timestamp,caller,callee,duration_s,cell_tower,imei
2026-02-05T05:00:00+05:30,phone:ph02,phone:ph03,40,AZD-12,35670200026215
2026-02-17T05:05:00+05:30,phone:ph03,phone:ph02,41,AZD-12,35670300026228
2026-03-01T05:10:00+05:30,phone:ph02,phone:ph03,42,AZD-12,35670200026215
2026-03-13T05:15:00+05:30,phone:ph03,phone:ph02,43,AZD-12,35670300026228
2026-03-25T05:20:00+05:30,phone:ph02,phone:ph03,44,AZD-12,35670200026215
2026-04-06T05:25:00+05:30,phone:ph03,phone:ph02,45,AZD-12,35670300026228
2026-02-14T15:00:00+05:30,phone:ph01,phone:ph00,92,KRB-08,35670100026202
2026-04-04T03:00:00+05:30,phone:ph00,phone:ph01,61,KRB-08,35670000026189
2026-01-20T18:00:00+05:30,phone:ph04,phone:ph00,120,AZD-12,35670400026241
2026-01-21T18:00:00+05:30,phone:ph00,phone:ph04,80,KRB-08,35670000026189
2026-04-12T11:40:00+05:30,phone:ph00,phone:ph03,57,AZD-12,35670000026189
2026-04-12T11:51:00+05:30,phone:ph03,phone:ph01,68,OKH-04,35670300026228
2026-04-12T11:58:00+05:30,phone:ph03,phone:ph02,63,AZD-12,35670300026228
2026-04-12T12:04:00+05:30,phone:ph04,phone:ph03,19,OKH-04,35670400026241
2026-04-12T12:15:00+05:30,phone:ph03,phone:ph05,13,AZD-12,35670300026228
2026-04-12T12:22:00+05:30,phone:ph03,phone:ph06,37,OKH-04,35670300026228
2026-04-12T12:28:00+05:30,phone:ph07,phone:ph03,50,AZD-12,35670700026280
2026-04-12T12:38:00+05:30,phone:ph03,phone:ph08,71,OKH-04,35670300026228
2026-04-12T12:45:00+05:30,phone:ph03,phone:ph09,30,AZD-12,35670300026228
2026-04-12T12:56:00+05:30,phone:ph10,phone:ph03,73,OKH-04,35671000026319
2026-04-12T13:00:00+05:30,phone:ph03,phone:ph11,55,AZD-12,35670300026228
2026-04-12T13:11:00+05:30,phone:ph03,phone:ph12,39,OKH-04,35670300026228
2026-04-12T13:20:00+05:30,phone:ph13,phone:ph03,69,AZD-12,35671300026358
2026-04-12T13:28:00+05:30,phone:ph03,phone:ph14,89,OKH-04,35670300026228
2026-04-12T13:36:00+05:30,phone:ph03,phone:ph15,49,AZD-12,35670300026228
2026-04-12T13:40:00+05:30,phone:ph16,phone:ph03,35,OKH-04,35671600026397
2026-04-12T13:51:00+05:30,phone:ph03,phone:ph17,42,AZD-12,35670300026228
2026-04-12T13:56:00+05:30,phone:ph03,phone:ph18,90,OKH-04,35670300026228
2026-04-12T14:05:00+05:30,phone:ph19,phone:ph03,46,AZD-12,35671900026436
2026-04-12T14:17:00+05:30,phone:ph03,phone:ph20,65,OKH-04,35670300026228
2026-04-12T14:21:00+05:30,phone:ph03,phone:ph21,20,AZD-12,35670300026228
2026-04-12T14:33:00+05:30,phone:ph22,phone:ph03,73,OKH-04,35672200026475
2026-04-12T14:39:00+05:30,phone:ph03,phone:ph23,45,AZD-12,35670300026228
2026-04-12T14:48:00+05:30,phone:ph03,phone:ph24,45,OKH-04,35670300026228
2026-04-12T14:54:00+05:30,phone:ph25,phone:ph03,58,AZD-12,35672500026514
2026-04-12T15:05:00+05:30,phone:ph03,phone:ph26,41,OKH-04,35670300026228
2026-04-12T15:08:00+05:30,phone:ph03,phone:ph27,58,AZD-12,35670300026228
2026-04-12T15:21:00+05:30,phone:ph28,phone:ph03,32,OKH-04,35672800026553
2026-04-12T15:29:00+05:30,phone:ph03,phone:ph29,84,AZD-12,35670300026228
2026-04-12T15:32:00+05:30,phone:ph03,phone:ph30,71,OKH-04,35670300026228
2026-04-12T15:42:00+05:30,phone:ph31,phone:ph03,71,AZD-12,35673100026592
2026-04-12T15:51:00+05:30,phone:ph03,phone:ph32,87,OKH-04,35670300026228
2026-04-12T16:01:00+05:30,phone:ph03,phone:ph33,15,AZD-12,35670300026228
2026-04-12T16:05:00+05:30,phone:ph34,phone:ph03,46,OKH-04,35673400026631
2026-04-12T16:16:00+05:30,phone:ph03,phone:ph35,74,AZD-12,35670300026228
2026-04-12T16:24:00+05:30,phone:ph03,phone:ph36,60,OKH-04,35670300026228
2026-04-12T16:32:00+05:30,phone:ph37,phone:ph03,36,AZD-12,35673700026670
2026-04-12T16:41:00+05:30,phone:ph03,phone:ph38,55,OKH-04,35670300026228
2026-04-12T16:44:00+05:30,phone:ph03,phone:ph39,70,AZD-12,35670300026228
2026-04-12T16:55:00+05:30,phone:ph00,phone:ph03,21,OKH-04,35670000026189
2026-04-12T17:02:00+05:30,phone:ph03,phone:ph01,33,AZD-12,35670300026228
2026-04-12T17:11:00+05:30,phone:ph03,phone:ph02,63,OKH-04,35670300026228
2026-04-12T17:21:00+05:30,phone:ph04,phone:ph03,21,AZD-12,35670400026241
2026-04-12T17:28:00+05:30,phone:ph03,phone:ph05,64,OKH-04,35670300026228
2026-04-12T17:33:00+05:30,phone:ph03,phone:ph06,20,AZD-12,35670300026228
2026-04-12T17:45:00+05:30,phone:ph07,phone:ph03,21,OKH-04,35670700026280
2026-04-12T17:48:00+05:30,phone:ph03,phone:ph08,43,AZD-12,35670300026228
2026-04-12T18:01:00+05:30,phone:ph03,phone:ph09,72,OKH-04,35670300026228
2026-04-12T18:07:00+05:30,phone:ph10,phone:ph03,60,AZD-12,35671000026319
2026-04-12T18:16:00+05:30,phone:ph03,phone:ph11,34,OKH-04,35670300026228
2026-04-12T18:23:00+05:30,phone:ph03,phone:ph12,74,AZD-12,35670300026228
2026-04-12T18:33:00+05:30,phone:ph13,phone:ph03,86,OKH-04,35671300026358
2026-04-12T18:37:00+05:30,phone:ph03,phone:ph14,65,AZD-12,35670300026228
2026-04-12T18:48:00+05:30,phone:ph03,phone:ph15,23,OKH-04,35670300026228
2026-04-12T18:53:00+05:30,phone:ph16,phone:ph03,20,AZD-12,35671600026397
2026-04-12T19:04:00+05:30,phone:ph03,phone:ph17,33,OKH-04,35670300026228
2026-04-12T19:10:00+05:30,phone:ph03,phone:ph18,68,AZD-12,35670300026228
2026-04-12T19:19:00+05:30,phone:ph19,phone:ph03,82,OKH-04,35671900026436
2026-04-12T19:26:00+05:30,phone:ph03,phone:ph20,28,AZD-12,35670300026228
2026-04-12T19:36:00+05:30,phone:ph03,phone:ph21,13,OKH-04,35670300026228
2026-04-12T19:40:00+05:30,phone:ph22,phone:ph03,44,AZD-12,35672200026475
2026-04-12T19:52:00+05:30,phone:ph03,phone:ph23,50,OKH-04,35670300026228
2026-04-12T20:01:00+05:30,phone:ph03,phone:ph24,83,AZD-12,35670300026228
2026-04-12T20:06:00+05:30,phone:ph25,phone:ph03,20,OKH-04,35672500026514
2026-04-12T20:15:00+05:30,phone:ph03,phone:ph26,42,AZD-12,35670300026228
2026-04-12T20:25:00+05:30,phone:ph03,phone:ph27,76,OKH-04,35670300026228
2026-04-12T20:30:00+05:30,phone:ph28,phone:ph03,36,AZD-12,35672800026553
2026-04-12T20:38:00+05:30,phone:ph03,phone:ph29,51,OKH-04,35670300026228
2026-04-12T20:46:00+05:30,phone:ph03,phone:ph30,29,AZD-12,35670300026228
2026-04-12T20:57:00+05:30,phone:ph31,phone:ph03,25,OKH-04,35673100026592
2026-04-12T21:05:00+05:30,phone:ph03,phone:ph32,60,AZD-12,35670300026228
2026-04-12T21:11:00+05:30,phone:ph03,phone:ph33,87,OKH-04,35670300026228
2026-04-12T21:17:00+05:30,phone:ph34,phone:ph03,77,AZD-12,35673400026631
2026-04-12T21:24:00+05:30,phone:ph03,phone:ph35,83,OKH-04,35670300026228
2026-04-12T21:34:00+05:30,phone:ph03,phone:ph36,18,AZD-12,35670300026228
2026-04-12T21:41:00+05:30,phone:ph37,phone:ph03,16,OKH-04,35673700026670
2026-04-12T21:49:00+05:30,phone:ph03,phone:ph38,82,AZD-12,35670300026228
2026-04-12T21:56:00+05:30,phone:ph03,phone:ph39,64,OKH-04,35670300026228
2026-04-12T22:09:00+05:30,phone:ph00,phone:ph03,59,AZD-12,35670000026189
2026-04-12T22:14:00+05:30,phone:ph03,phone:ph01,36,OKH-04,35670300026228
2026-04-12T22:21:00+05:30,phone:ph03,phone:ph02,14,AZD-12,35670300026228
2026-04-12T22:31:00+05:30,phone:ph04,phone:ph03,46,OKH-04,35670400026241
2026-04-12T22:40:00+05:30,phone:ph03,phone:ph05,31,AZD-12,35670300026228
2026-04-12T22:47:00+05:30,phone:ph03,phone:ph06,55,OKH-04,35670300026228
2026-04-12T22:54:00+05:30,phone:ph07,phone:ph03,75,AZD-12,35670700026280
2026-04-12T23:05:00+05:30,phone:ph03,phone:ph08,45,OKH-04,35670300026228
2026-04-12T23:08:00+05:30,phone:ph03,phone:ph09,47,AZD-12,35670300026228
2026-04-12T23:21:00+05:30,phone:ph10,phone:ph03,58,OKH-04,35671000026319
2026-04-12T23:26:00+05:30,phone:ph03,phone:ph11,71,AZD-12,35670300026228
2026-04-12T23:35:00+05:30,phone:ph03,phone:ph12,13,OKH-04,35670300026228
2026-04-12T23:42:00+05:30,phone:ph13,phone:ph03,36,AZD-12,35671300026358
2026-04-12T23:53:00+05:30,phone:ph03,phone:ph14,67,OKH-04,35670300026228
2026-04-12T23:56:00+05:30,phone:ph03,phone:ph15,72,AZD-12,35670300026228
2026-04-13T00:07:00+05:30,phone:ph16,phone:ph03,53,OKH-04,35671600026397
2026-04-13T00:17:00+05:30,phone:ph03,phone:ph17,16,AZD-12,35670300026228
2026-04-13T00:21:00+05:30,phone:ph03,phone:ph18,87,OKH-04,35670300026228
2026-04-13T00:30:00+05:30,phone:ph19,phone:ph03,45,AZD-12,35671900026436
2026-04-13T00:38:00+05:30,phone:ph03,phone:ph20,52,OKH-04,35670300026228
2026-04-13T00:45:00+05:30,phone:ph03,phone:ph21,57,AZD-12,35670300026228
2026-04-13T00:53:00+05:30,phone:ph22,phone:ph03,19,OKH-04,35672200026475
2026-04-13T01:00:00+05:30,phone:ph03,phone:ph23,68,AZD-12,35670300026228
2026-04-13T01:08:00+05:30,phone:ph03,phone:ph24,45,OKH-04,35670300026228
2026-04-13T01:16:00+05:30,phone:ph25,phone:ph03,43,AZD-12,35672500026514
2026-04-13T01:29:00+05:30,phone:ph03,phone:ph26,40,OKH-04,35670300026228
2026-04-13T01:37:00+05:30,phone:ph03,phone:ph27,49,AZD-12,35670300026228
2026-04-13T01:44:00+05:30,phone:ph28,phone:ph03,77,OKH-04,35672800026553
2026-04-13T01:48:00+05:30,phone:ph03,phone:ph29,58,AZD-12,35670300026228
2026-04-13T02:01:00+05:30,phone:ph03,phone:ph30,55,OKH-04,35670300026228
2026-04-13T02:04:00+05:30,phone:ph31,phone:ph03,51,AZD-12,35673100026592
2026-04-13T02:17:00+05:30,phone:ph03,phone:ph32,83,OKH-04,35670300026228
2026-04-13T02:25:00+05:30,phone:ph03,phone:ph33,86,AZD-12,35670300026228
2026-04-13T02:33:00+05:30,phone:ph34,phone:ph03,58,OKH-04,35673400026631
2026-04-13T02:39:00+05:30,phone:ph03,phone:ph35,42,AZD-12,35670300026228
2026-04-13T02:49:00+05:30,phone:ph03,phone:ph36,87,OKH-04,35670300026228
2026-04-13T02:55:00+05:30,phone:ph37,phone:ph03,40,AZD-12,35673700026670
2026-04-13T03:05:00+05:30,phone:ph03,phone:ph38,24,OKH-04,35670300026228
2026-04-13T03:11:00+05:30,phone:ph03,phone:ph39,44,AZD-12,35670300026228
2026-04-13T03:17:00+05:30,phone:ph00,phone:ph03,55,OKH-04,35670000026189
2026-04-13T03:26:00+05:30,phone:ph03,phone:ph01,53,AZD-12,35670300026228
2026-04-13T03:32:00+05:30,phone:ph03,phone:ph02,65,OKH-04,35670300026228
2026-04-13T03:42:00+05:30,phone:ph04,phone:ph03,82,AZD-12,35670400026241
2026-04-13T03:48:00+05:30,phone:ph03,phone:ph05,17,OKH-04,35670300026228
2026-04-13T03:57:00+05:30,phone:ph03,phone:ph06,43,AZD-12,35670300026228
2026-04-13T04:08:00+05:30,phone:ph07,phone:ph03,76,OKH-04,35670700026280
2026-04-13T04:16:00+05:30,phone:ph03,phone:ph08,12,AZD-12,35670300026228
2026-04-13T04:24:00+05:30,phone:ph03,phone:ph09,90,OKH-04,35670300026228
2026-04-13T04:31:00+05:30,phone:ph10,phone:ph03,58,AZD-12,35671000026319
2026-04-13T04:40:00+05:30,phone:ph03,phone:ph11,15,OKH-04,35670300026228
2026-04-13T04:45:00+05:30,phone:ph03,phone:ph12,63,AZD-12,35670300026228
2026-04-13T04:53:00+05:30,phone:ph13,phone:ph03,51,OKH-04,35671300026358
2026-04-13T05:05:00+05:30,phone:ph03,phone:ph14,79,AZD-12,35670300026228
2026-04-13T05:09:00+05:30,phone:ph03,phone:ph15,47,OKH-04,35670300026228
2026-04-13T05:19:00+05:30,phone:ph16,phone:ph03,43,AZD-12,35671600026397
2026-04-13T05:26:00+05:30,phone:ph03,phone:ph17,56,OKH-04,35670300026228
2026-04-13T05:32:00+05:30,phone:ph03,phone:ph18,41,AZD-12,35670300026228
2026-04-13T05:40:00+05:30,phone:ph19,phone:ph03,33,OKH-04,35671900026436
2026-04-13T05:51:00+05:30,phone:ph03,phone:ph20,52,AZD-12,35670300026228
2026-04-13T05:58:00+05:30,phone:ph03,phone:ph21,29,OKH-04,35670300026228
2026-04-13T06:06:00+05:30,phone:ph22,phone:ph03,38,AZD-12,35672200026475
2026-04-13T06:15:00+05:30,phone:ph03,phone:ph23,40,OKH-04,35670300026228
2026-06-08T18:21:20+05:30,phone:ph33,phone:ph13,422,AZD-12,35673300026618
2026-01-31T18:06:28+05:30,phone:ph21,phone:ph04,379,UDY-01,35672100026462
2026-05-30T20:18:57+05:30,phone:ph21,phone:ph04,254,DWK-21,35672100026462
2026-06-12T21:12:39+05:30,phone:ph24,phone:ph15,398,DWK-21,35672400026501
2026-02-06T23:20:03+05:30,phone:ph04,phone:ph02,25,KRB-08,35670400026241
2026-02-13T00:19:56+05:30,phone:ph10,phone:ph07,114,GZP-09,35671000026319
2026-03-07T22:06:10+05:30,phone:ph08,phone:ph10,437,AZD-12,35670800026293
2026-04-27T04:33:30+05:30,phone:ph17,phone:ph25,258,UDY-01,35671700026410
2026-03-03T23:54:01+05:30,phone:ph20,phone:ph04,416,UDY-01,35672000026449
2026-05-24T22:46:31+05:30,phone:ph04,phone:ph20,101,NOI-63,35670400026241
2026-01-07T19:08:39+05:30,phone:ph02,phone:ph04,41,SBR-02,35670200026215
2026-04-08T05:20:20+05:30,phone:ph11,phone:ph09,55,KRB-08,35671100026332
2026-03-06T22:46:42+05:30,phone:ph07,phone:ph09,33,NOI-63,35670700026280
2026-01-07T02:47:19+05:30,phone:ph06,phone:ph11,151,UDY-01,35670600026267
2026-04-17T19:30:41+05:30,phone:ph20,phone:ph21,396,AZD-12,35672000026449
2026-03-04T23:25:49+05:30,phone:ph04,phone:ph21,244,GZP-09,35670400026241
2026-01-22T21:01:46+05:30,phone:ph08,phone:ph09,516,UDY-01,35670800026293
2026-03-21T21:09:00+05:30,phone:ph04,phone:ph21,289,NOI-63,35670400026241
2026-01-10T18:25:22+05:30,phone:ph06,phone:ph07,149,OKH-04,35670600026267
2026-05-19T03:24:17+05:30,phone:ph02,phone:ph21,257,SBR-02,35670200026215
2026-05-15T03:38:52+05:30,phone:ph08,phone:ph07,229,DWK-21,35670800026293
2026-01-21T05:00:44+05:30,phone:ph02,phone:ph21,377,GZP-09,35670200026215
2026-01-06T14:33:54+05:30,phone:ph11,phone:ph06,207,KRB-08,35671100026332
2026-02-10T04:01:33+05:30,phone:ph16,phone:ph04,380,OKH-04,35671600026397
2026-06-10T22:03:56+05:30,phone:ph10,phone:ph07,312,UDY-01,35671000026319
2026-05-31T04:35:31+05:30,phone:ph26,phone:ph03,205,AZD-12,35672600026527
2026-06-09T21:36:55+05:30,phone:ph11,phone:ph06,525,KRB-08,35671100026332
2026-04-29T19:51:12+05:30,phone:ph04,phone:ph20,386,DWK-21,35670400026241
2026-04-20T00:37:46+05:30,phone:ph29,phone:ph18,381,NOI-63,35672900026566
2026-01-14T05:40:26+05:30,phone:ph08,phone:ph11,500,UDY-01,35670800026293
2026-01-06T20:44:30+05:30,phone:ph21,phone:ph02,43,GZP-09,35672100026462
2026-04-11T06:09:52+05:30,phone:ph04,phone:ph21,553,SBR-02,35670400026241
2026-01-17T20:38:22+05:30,phone:ph15,phone:ph36,354,DWK-21,35671500026384
2026-04-06T02:58:27+05:30,phone:ph10,phone:ph07,50,GZP-09,35671000026319
2026-03-28T06:17:35+05:30,phone:ph07,phone:ph11,45,SBR-02,35670700026280
2026-05-11T16:23:59+05:30,phone:ph09,phone:ph11,150,UDY-01,35670900026306
2026-04-28T20:20:18+05:30,phone:ph21,phone:ph04,303,OKH-04,35672100026462
2026-03-31T00:56:51+05:30,phone:ph06,phone:ph11,47,NOI-63,35670600026267
2026-04-30T03:04:38+05:30,phone:ph20,phone:ph04,84,UDY-01,35672000026449
2026-04-27T02:53:56+05:30,phone:ph04,phone:ph02,397,NOI-63,35670400026241
2026-01-27T15:02:44+05:30,phone:ph01,phone:ph08,31,SBR-02,35670100026202
2026-03-05T22:23:23+05:30,phone:ph09,phone:ph08,445,UDY-01,35670900026306
2026-02-04T18:46:47+05:30,phone:ph08,phone:ph09,425,UDY-01,35670800026293
2026-04-01T17:49:28+05:30,phone:ph09,phone:ph10,581,SBR-02,35670900026306
2026-05-15T03:27:21+05:30,phone:ph38,phone:ph04,597,UDY-01,35673800026683
2026-03-16T02:01:13+05:30,phone:ph14,phone:ph26,372,GZP-09,35671400026371
2026-06-04T21:19:59+05:30,phone:ph21,phone:ph20,323,DWK-21,35672100026462
2026-01-31T19:18:09+05:30,phone:ph19,phone:ph22,292,UDY-01,35671900026436
2026-05-01T21:21:31+05:30,phone:ph20,phone:ph02,556,KRB-08,35672000026449
2026-05-28T22:15:20+05:30,phone:ph21,phone:ph36,61,OKH-04,35672100026462
2026-03-27T20:02:16+05:30,phone:ph05,phone:ph09,418,UDY-01,35670500026254
2026-02-11T19:27:24+05:30,phone:ph32,phone:ph07,396,SBR-02,35673200026605
2026-02-17T21:15:49+05:30,phone:ph06,phone:ph07,106,AZD-12,35670600026267
2026-03-03T14:52:26+05:30,phone:ph11,phone:ph09,121,NOI-63,35671100026332
2026-05-16T02:02:55+05:30,phone:ph21,phone:ph04,129,NOI-63,35672100026462
2026-05-18T17:49:07+05:30,phone:ph06,phone:ph11,25,NOI-63,35670600026267
2026-04-29T19:37:00+05:30,phone:ph07,phone:ph11,234,KRB-08,35670700026280
2026-02-10T05:36:12+05:30,phone:ph37,phone:ph25,519,AZD-12,35673700026670
2026-02-12T23:45:46+05:30,phone:ph08,phone:ph09,170,NOI-63,35670800026293
2026-06-15T05:29:36+05:30,phone:ph04,phone:ph20,520,OKH-04,35670400026241
2026-03-18T01:23:26+05:30,phone:ph02,phone:ph20,453,NOI-63,35670200026215
2026-04-02T17:19:51+05:30,phone:ph03,phone:ph26,195,AZD-12,35670300026228
2026-06-10T17:23:05+05:30,phone:ph15,phone:ph27,351,KRB-08,35671500026384
2026-02-15T01:28:39+05:30,phone:ph19,phone:ph05,380,OKH-04,35671900026436
2026-02-18T23:09:33+05:30,phone:ph20,phone:ph04,459,SBR-02,35672000026449
2026-04-06T16:52:51+05:30,phone:ph02,phone:ph21,79,UDY-01,35670200026215
2026-02-08T17:55:29+05:30,phone:ph04,phone:ph20,396,UDY-01,35670400026241
2026-01-10T23:29:36+05:30,phone:ph11,phone:ph06,304,UDY-01,35671100026332
2026-02-27T21:59:59+05:30,phone:ph07,phone:ph10,423,OKH-04,35670700026280
2026-03-16T01:50:33+05:30,phone:ph30,phone:ph08,96,DWK-21,35673000026579
2026-01-25T00:08:16+05:30,phone:ph09,phone:ph07,357,DWK-21,35670900026306
2026-04-13T00:48:26+05:30,phone:ph04,phone:ph21,376,SBR-02,35670400026241
2026-05-12T21:35:20+05:30,phone:ph04,phone:ph20,233,GZP-09,35670400026241
2026-05-30T14:48:21+05:30,phone:ph15,phone:ph34,413,AZD-12,35671500026384
2026-05-05T05:02:29+05:30,phone:ph04,phone:ph21,160,GZP-09,35670400026241
2026-01-09T16:56:17+05:30,phone:ph09,phone:ph19,314,NOI-63,35670900026306
2026-03-19T23:27:58+05:30,phone:ph33,phone:ph10,151,SBR-02,35673300026618
2026-02-04T01:54:10+05:30,phone:ph08,phone:ph10,91,DWK-21,35670800026293
2026-05-11T04:26:30+05:30,phone:ph21,phone:ph04,399,GZP-09,35672100026462
2026-05-09T02:08:48+05:30,phone:ph09,phone:ph08,327,DWK-21,35670900026306
2026-04-16T02:56:19+05:30,phone:ph08,phone:ph11,234,AZD-12,35670800026293
2026-06-01T23:03:48+05:30,phone:ph39,phone:ph05,176,KRB-08,35673900026696
2026-04-12T00:30:41+05:30,phone:ph10,phone:ph11,318,GZP-09,35671000026319
2026-01-07T14:42:31+05:30,phone:ph23,phone:ph20,52,NOI-63,35672300026488
2026-02-27T19:26:54+05:30,phone:ph20,phone:ph04,119,NOI-63,35672000026449
2026-03-22T14:54:38+05:30,phone:ph08,phone:ph11,323,SBR-02,35670800026293
2026-03-23T15:06:38+05:30,phone:ph20,phone:ph04,8,UDY-01,35672000026449
2026-03-01T03:56:57+05:30,phone:ph06,phone:ph10,535,NOI-63,35670600026267
2026-05-23T01:49:46+05:30,phone:ph20,phone:ph04,451,OKH-04,35672000026449
2026-03-31T14:09:40+05:30,phone:ph04,phone:ph21,49,OKH-04,35670400026241
2026-03-11T19:14:45+05:30,phone:ph06,phone:ph09,304,NOI-63,35670600026267
2026-04-02T01:25:58+05:30,phone:ph33,phone:ph18,237,OKH-04,35673300026618
2026-05-12T04:00:35+05:30,phone:ph08,phone:ph07,457,DWK-21,35670800026293
2026-05-09T16:04:58+05:30,phone:ph10,phone:ph08,237,KRB-08,35671000026319
2026-02-27T01:58:27+05:30,phone:ph08,phone:ph34,173,AZD-12,35670800026293
2026-01-24T05:52:05+05:30,phone:ph08,phone:ph10,481,NOI-63,35670800026293
2026-03-19T03:22:39+05:30,phone:ph32,phone:ph09,167,UDY-01,35673200026605
2026-03-30T23:47:56+05:30,phone:ph09,phone:ph10,274,NOI-63,35670900026306
2026-03-27T21:09:49+05:30,phone:ph20,phone:ph04,111,KRB-08,35672000026449
2026-02-08T14:06:01+05:30,phone:ph09,phone:ph36,480,DWK-21,35670900026306
2026-01-31T19:46:29+05:30,phone:ph11,phone:ph06,416,AZD-12,35671100026332
2026-01-11T14:38:53+05:30,phone:ph06,phone:ph11,107,SBR-02,35670600026267
2026-04-13T05:19:22+05:30,phone:ph10,phone:ph13,102,GZP-09,35671000026319
2026-04-26T18:45:24+05:30,phone:ph39,phone:ph34,552,KRB-08,35673900026696
2026-06-11T04:01:26+05:30,phone:ph07,phone:ph06,129,OKH-04,35670700026280
2026-03-22T01:09:12+05:30,phone:ph11,phone:ph08,120,NOI-63,35671100026332
2026-05-10T03:09:44+05:30,phone:ph20,phone:ph21,367,KRB-08,35672000026449
2026-02-18T16:32:26+05:30,phone:ph27,phone:ph32,429,OKH-04,35672700026540
2026-03-23T20:02:25+05:30,phone:ph21,phone:ph02,201,GZP-09,35672100026462
2026-01-28T01:47:05+05:30,phone:ph20,phone:ph05,529,GZP-09,35672000026449
2026-03-19T19:44:15+05:30,phone:ph36,phone:ph35,49,OKH-04,35673600026657
2026-03-11T03:57:31+05:30,phone:ph21,phone:ph20,56,OKH-04,35672100026462
2026-05-14T20:45:29+05:30,phone:ph08,phone:ph10,83,DWK-21,35670800026293
2026-02-28T23:34:17+05:30,phone:ph20,phone:ph02,153,NOI-63,35672000026449
2026-05-08T14:21:35+05:30,phone:ph07,phone:ph00,509,GZP-09,35670700026280
2026-06-09T20:55:30+05:30,phone:ph07,phone:ph09,68,UDY-01,35670700026280
2026-02-10T22:58:43+05:30,phone:ph10,phone:ph09,40,OKH-04,35671000026319
2026-02-15T05:12:59+05:30,phone:ph04,phone:ph21,96,AZD-12,35670400026241
2026-04-22T06:16:57+05:30,phone:ph09,phone:ph07,464,NOI-63,35670900026306
2026-05-29T00:01:35+05:30,phone:ph04,phone:ph20,486,NOI-63,35670400026241
2026-06-13T00:28:12+05:30,phone:ph09,phone:ph25,277,NOI-63,35670900026306
2026-05-29T17:06:28+05:30,phone:ph10,phone:ph15,163,KRB-08,35671000026319
2026-04-20T18:40:56+05:30,phone:ph02,phone:ph04,236,AZD-12,35670200026215
2026-03-24T02:29:22+05:30,phone:ph02,phone:ph04,153,OKH-04,35670200026215
2026-05-11T01:33:23+05:30,phone:ph10,phone:ph07,411,GZP-09,35671000026319
2026-01-16T15:24:00+05:30,phone:ph02,phone:ph21,549,AZD-12,35670200026215
2026-02-23T19:30:54+05:30,phone:ph18,phone:ph09,262,AZD-12,35671800026423
2026-01-19T03:04:58+05:30,phone:ph10,phone:ph09,93,DWK-21,35671000026319
2026-01-29T01:02:24+05:30,phone:ph20,phone:ph04,119,DWK-21,35672000026449
2026-02-24T18:21:07+05:30,phone:ph10,phone:ph11,24,GZP-09,35671000026319
2026-02-09T15:57:59+05:30,phone:ph06,phone:ph09,486,DWK-21,35670600026267
2026-06-03T14:05:46+05:30,phone:ph10,phone:ph25,387,UDY-01,35671000026319
2026-04-21T00:26:57+05:30,phone:ph09,phone:ph07,201,NOI-63,35670900026306
2026-02-08T17:30:58+05:30,phone:ph09,phone:ph06,312,GZP-09,35670900026306
2026-01-23T04:16:03+05:30,phone:ph21,phone:ph20,291,OKH-04,35672100026462
2026-03-03T20:15:24+05:30,phone:ph02,phone:ph04,556,AZD-12,35670200026215
2026-04-08T03:58:10+05:30,phone:ph10,phone:ph08,122,KRB-08,35671000026319
2026-05-19T18:03:00+05:30,phone:ph25,phone:ph37,599,GZP-09,35672500026514
2026-01-29T02:40:43+05:30,phone:ph04,phone:ph21,60,SBR-02,35670400026241
2026-01-21T23:08:40+05:30,phone:ph02,phone:ph21,378,OKH-04,35670200026215
2026-02-03T17:19:14+05:30,phone:ph09,phone:ph07,460,NOI-63,35670900026306
2026-03-17T23:57:08+05:30,phone:ph06,phone:ph10,461,NOI-63,35670600026267
2026-03-31T20:27:20+05:30,phone:ph21,phone:ph02,464,UDY-01,35672100026462
2026-02-24T17:11:40+05:30,phone:ph21,phone:ph02,198,SBR-02,35672100026462
2026-06-05T18:45:59+05:30,phone:ph06,phone:ph08,339,UDY-01,35670600026267
2026-03-01T21:09:18+05:30,phone:ph06,phone:ph11,367,UDY-01,35670600026267
2026-04-09T22:03:25+05:30,phone:ph39,phone:ph01,312,OKH-04,35673900026696
2026-02-25T06:25:49+05:30,phone:ph18,phone:ph38,52,OKH-04,35671800026423
2026-01-19T03:36:29+05:30,phone:ph01,phone:ph13,523,NOI-63,35670100026202
2026-04-27T05:08:45+05:30,phone:ph11,phone:ph10,12,AZD-12,35671100026332
2026-03-14T22:46:50+05:30,phone:ph20,phone:ph02,528,AZD-12,35672000026449
2026-06-07T05:48:54+05:30,phone:ph04,phone:ph02,202,UDY-01,35670400026241
2026-03-12T19:55:15+05:30,phone:ph02,phone:ph04,171,DWK-21,35670200026215
2026-03-06T18:20:17+05:30,phone:ph09,phone:ph07,22,UDY-01,35670900026306
2026-05-11T05:10:36+05:30,phone:ph21,phone:ph20,404,GZP-09,35672100026462
2026-06-14T22:16:35+05:30,phone:ph00,phone:ph32,551,UDY-01,35670000026189
2026-05-01T05:38:57+05:30,phone:ph02,phone:ph04,549,GZP-09,35670200026215
2026-03-12T21:12:53+05:30,phone:ph07,phone:ph27,430,OKH-04,35670700026280
2026-04-30T05:42:56+05:30,phone:ph02,phone:ph04,107,UDY-01,35670200026215
2026-02-22T21:16:09+05:30,phone:ph02,phone:ph04,341,SBR-02,35670200026215
2026-04-03T17:06:54+05:30,phone:ph07,phone:ph11,166,NOI-63,35670700026280
2026-05-23T18:11:38+05:30,phone:ph04,phone:ph20,193,AZD-12,35670400026241
2026-05-17T19:55:33+05:30,phone:ph14,phone:ph39,396,DWK-21,35671400026371
2026-03-08T18:10:00+05:30,phone:ph26,phone:ph17,531,SBR-02,35672600026527
2026-06-10T20:29:31+05:30,phone:ph01,phone:ph23,217,KRB-08,35670100026202
2026-04-25T03:01:04+05:30,phone:ph09,phone:ph07,136,GZP-09,35670900026306
2026-03-08T20:34:21+05:30,phone:ph07,phone:ph11,355,AZD-12,35670700026280
2026-05-12T21:50:45+05:30,phone:ph34,phone:ph04,122,UDY-01,35673400026631
2026-04-12T00:48:27+05:30,phone:ph29,phone:ph05,39,SBR-02,35672900026566
2026-04-24T17:48:24+05:30,phone:ph24,phone:ph10,130,GZP-09,35672400026501
2026-02-02T18:23:43+05:30,phone:ph26,phone:ph36,577,NOI-63,35672600026527
2026-01-17T02:37:08+05:30,phone:ph16,phone:ph39,60,UDY-01,35671600026397
2026-06-05T06:03:50+05:30,phone:ph17,phone:ph33,343,GZP-09,35671700026410
2026-05-09T02:57:03+05:30,phone:ph15,phone:ph32,496,UDY-01,35671500026384
2026-05-05T19:12:57+05:30,phone:ph07,phone:ph08,588,DWK-21,35670700026280
2026-04-14T18:38:38+05:30,phone:ph09,phone:ph06,310,UDY-01,35670900026306
2026-03-05T00:07:44+05:30,phone:ph04,phone:ph21,48,UDY-01,35670400026241
2026-02-23T22:01:57+05:30,phone:ph20,phone:ph04,188,OKH-04,35672000026449
2026-01-15T21:47:21+05:30,phone:ph01,phone:ph25,210,GZP-09,35670100026202
2026-03-23T17:14:03+05:30,phone:ph16,phone:ph22,409,DWK-21,35671600026397
2026-06-10T00:29:21+05:30,phone:ph04,phone:ph20,362,KRB-08,35670400026241
2026-03-12T14:16:12+05:30,phone:ph07,phone:ph08,386,GZP-09,35670700026280
2026-03-25T14:33:38+05:30,phone:ph20,phone:ph04,335,NOI-63,35672000026449
2026-04-19T03:36:14+05:30,phone:ph08,phone:ph10,282,GZP-09,35670800026293
2026-04-30T00:31:07+05:30,phone:ph09,phone:ph10,227,NOI-63,35670900026306
2026-06-05T06:14:29+05:30,phone:ph22,phone:ph26,218,UDY-01,35672200026475
2026-02-03T14:01:35+05:30,phone:ph13,phone:ph19,185,OKH-04,35671300026358
2026-02-20T04:25:30+05:30,phone:ph06,phone:ph01,452,SBR-02,35670600026267
2026-05-15T02:09:54+05:30,phone:ph09,phone:ph08,420,DWK-21,35670900026306
2026-03-03T21:49:09+05:30,phone:ph23,phone:ph05,198,UDY-01,35672300026488
2026-01-07T01:59:54+05:30,phone:ph04,phone:ph33,398,OKH-04,35670400026241
2026-06-02T03:46:32+05:30,phone:ph20,phone:ph04,294,GZP-09,35672000026449
2026-05-12T04:13:46+05:30,phone:ph04,phone:ph20,291,SBR-02,35670400026241
2026-06-11T23:07:11+05:30,phone:ph33,phone:ph14,348,SBR-02,35673300026618
2026-05-29T20:10:19+05:30,phone:ph21,phone:ph04,510,NOI-63,35672100026462
2026-02-05T16:06:04+05:30,phone:ph09,phone:ph08,539,GZP-09,35670900026306
2026-02-04T16:42:16+05:30,phone:ph07,phone:ph11,99,UDY-01,35670700026280
2026-05-17T06:53:15+05:30,phone:ph06,phone:ph09,264,DWK-21,35670600026267
2026-03-22T21:09:48+05:30,phone:ph04,phone:ph21,306,DWK-21,35670400026241
2026-06-01T02:22:30+05:30,phone:ph04,phone:ph02,428,SBR-02,35670400026241
2026-05-06T04:59:10+05:30,phone:ph04,phone:ph21,383,AZD-12,35670400026241
2026-02-04T18:23:58+05:30,phone:ph08,phone:ph11,406,KRB-08,35670800026293
2026-01-24T04:09:51+05:30,phone:ph04,phone:ph21,495,GZP-09,35670400026241
2026-01-05T14:42:03+05:30,phone:ph26,phone:ph37,133,SBR-02,35672600026527
2026-02-04T15:17:52+05:30,phone:ph30,phone:ph16,104,OKH-04,35673000026579
2026-03-07T19:42:19+05:30,phone:ph09,phone:ph10,223,GZP-09,35670900026306
2026-01-27T04:57:32+05:30,phone:ph37,phone:ph06,419,DWK-21,35673700026670
2026-03-28T00:04:02+05:30,phone:ph39,phone:ph19,146,GZP-09,35673900026696
2026-05-23T23:25:09+05:30,phone:ph02,phone:ph21,139,DWK-21,35670200026215
2026-04-13T19:15:27+05:30,phone:ph06,phone:ph11,76,AZD-12,35670600026267
2026-06-13T00:47:20+05:30,phone:ph10,phone:ph11,465,DWK-21,35671000026319
2026-05-18T22:26:55+05:30,phone:ph07,phone:ph09,297,AZD-12,35670700026280
2026-02-12T06:40:07+05:30,phone:ph10,phone:ph11,480,AZD-12,35671000026319
2026-02-15T22:27:53+05:30,phone:ph02,phone:ph20,145,SBR-02,35670200026215
2026-04-03T23:51:08+05:30,phone:ph04,phone:ph02,150,GZP-09,35670400026241
2026-03-10T21:16:57+05:30,phone:ph11,phone:ph09,49,AZD-12,35671100026332
2026-03-03T19:34:28+05:30,phone:ph11,phone:ph21,444,DWK-21,35671100026332
2026-01-24T02:12:12+05:30,phone:ph21,phone:ph04,434,NOI-63,35672100026462
2026-02-03T04:56:33+05:30,phone:ph08,phone:ph06,266,NOI-63,35670800026293
2026-02-02T20:31:14+05:30,phone:ph21,phone:ph04,524,GZP-09,35672100026462
2026-04-19T14:21:58+05:30,phone:ph07,phone:ph08,553,SBR-02,35670700026280
2026-04-27T00:59:37+05:30,phone:ph04,phone:ph02,421,KRB-08,35670400026241
2026-05-16T20:43:20+05:30,phone:ph04,phone:ph21,307,OKH-04,35670400026241
2026-04-25T23:38:40+05:30,phone:ph27,phone:ph04,566,SBR-02,35672700026540
2026-06-14T16:18:10+05:30,phone:ph28,phone:ph07,193,NOI-63,35672800026553
2026-01-11T14:31:55+05:30,phone:ph20,phone:ph35,356,SBR-02,35672000026449
2026-01-17T01:30:26+05:30,phone:ph14,phone:ph06,343,NOI-63,35671400026371
2026-03-18T14:36:03+05:30,phone:ph35,phone:ph09,329,GZP-09,35673500026644
2026-03-25T22:27:11+05:30,phone:ph06,phone:ph09,589,SBR-02,35670600026267
2026-05-02T18:00:37+05:30,phone:ph09,phone:ph11,579,NOI-63,35670900026306
2026-03-20T20:53:22+05:30,phone:ph00,phone:ph03,450,GZP-09,35670000026189
2026-03-05T19:25:04+05:30,phone:ph04,phone:ph21,95,OKH-04,35670400026241
2026-01-23T01:19:18+05:30,phone:ph07,phone:ph02,37,DWK-21,35670700026280
2026-05-11T03:00:36+05:30,phone:ph04,phone:ph20,485,OKH-04,35670400026241
2026-03-15T20:09:11+05:30,phone:ph10,phone:ph09,17,NOI-63,35671000026319
2026-03-22T14:58:48+05:30,phone:ph10,phone:ph07,374,OKH-04,35671000026319
2026-03-04T21:07:56+05:30,phone:ph06,phone:ph16,367,NOI-63,35670600026267
2026-03-01T00:21:17+05:30,phone:ph25,phone:ph07,297,AZD-12,35672500026514
2026-06-01T20:04:26+05:30,phone:ph11,phone:ph08,432,OKH-04,35671100026332
2026-03-03T02:15:05+05:30,phone:ph08,phone:ph11,318,GZP-09,35670800026293
2026-06-03T21:20:33+05:30,phone:ph02,phone:ph14,59,KRB-08,35670200026215
2026-01-25T01:16:36+05:30,phone:ph11,phone:ph09,380,GZP-09,35671100026332
2026-02-28T02:55:42+05:30,phone:ph09,phone:ph11,124,AZD-12,35670900026306
2026-05-01T00:42:02+05:30,phone:ph28,phone:ph06,220,SBR-02,35672800026553
2026-04-23T15:21:31+05:30,phone:ph11,phone:ph31,201,AZD-12,35671100026332
2026-02-13T14:03:00+05:30,phone:ph02,phone:ph20,160,UDY-01,35670200026215
2026-03-25T01:39:04+05:30,phone:ph04,phone:ph22,533,SBR-02,35670400026241
2026-02-27T21:09:57+05:30,phone:ph08,phone:ph10,479,OKH-04,35670800026293
2026-02-20T14:01:08+05:30,phone:ph29,phone:ph34,167,SBR-02,35672900026566
2026-05-07T17:43:43+05:30,phone:ph04,phone:ph20,535,NOI-63,35670400026241
2026-04-28T02:39:10+05:30,phone:ph02,phone:ph21,118,OKH-04,35670200026215
2026-03-13T22:12:03+05:30,phone:ph26,phone:ph04,106,UDY-01,35672600026527
2026-06-08T00:32:28+05:30,phone:ph39,phone:ph19,252,OKH-04,35673900026696
2026-04-24T15:33:01+05:30,phone:ph06,phone:ph07,463,DWK-21,35670600026267
2026-05-15T21:37:25+05:30,phone:ph06,phone:ph38,385,AZD-12,35670600026267
2026-04-24T06:05:21+05:30,phone:ph10,phone:ph06,253,DWK-21,35671000026319
2026-04-05T05:12:08+05:30,phone:ph16,phone:ph14,587,NOI-63,35671600026397
2026-05-25T21:17:52+05:30,phone:ph30,phone:ph36,599,KRB-08,35673000026579
2026-04-06T02:33:16+05:30,phone:ph02,phone:ph20,248,KRB-08,35670200026215
2026-06-13T00:20:21+05:30,phone:ph07,phone:ph08,583,UDY-01,35670700026280
2026-01-25T15:35:55+05:30,phone:ph37,phone:ph36,87,SBR-02,35673700026670
2026-01-14T18:22:03+05:30,phone:ph04,phone:ph02,253,NOI-63,35670400026241
2026-03-08T01:06:40+05:30,phone:ph03,phone:ph20,306,KRB-08,35670300026228
2026-03-04T14:54:51+05:30,phone:ph02,phone:ph19,379,GZP-09,35670200026215
2026-05-16T20:29:27+05:30,phone:ph12,phone:ph37,505,NOI-63,35671200026345
2026-06-01T01:38:51+05:30,phone:ph09,phone:ph06,430,DWK-21,35670900026306
2026-03-03T17:26:07+05:30,phone:ph24,phone:ph30,390,DWK-21,35672400026501
2026-02-10T03:43:32+05:30,phone:ph29,phone:ph06,284,KRB-08,35672900026566
2026-02-28T19:43:44+05:30,phone:ph20,phone:ph04,179,OKH-04,35672000026449
2026-03-27T04:43:00+05:30,phone:ph34,phone:ph37,148,DWK-21,35673400026631
2026-01-19T21:43:48+05:30,phone:ph23,phone:ph24,68,AZD-12,35672300026488
2026-03-14T04:37:12+05:30,phone:ph02,phone:ph21,394,KRB-08,35670200026215
2026-02-17T21:55:19+05:30,phone:ph11,phone:ph06,493,SBR-02,35671100026332
2026-05-28T18:03:48+05:30,phone:ph05,phone:ph16,589,UDY-01,35670500026254
2026-02-19T19:33:50+05:30,phone:ph24,phone:ph06,48,NOI-63,35672400026501
2026-02-19T00:58:05+05:30,phone:ph21,phone:ph04,122,SBR-02,35672100026462
2026-05-18T20:46:54+05:30,phone:ph38,phone:ph18,475,DWK-21,35673800026683
2026-05-23T05:39:27+05:30,phone:ph04,phone:ph02,325,NOI-63,35670400026241
2026-02-07T20:27:16+05:30,phone:ph02,phone:ph21,556,NOI-63,35670200026215
2026-03-01T04:09:15+05:30,phone:ph20,phone:ph04,59,AZD-12,35672000026449
2026-02-19T14:05:12+05:30,phone:ph06,phone:ph10,299,KRB-08,35670600026267
2026-05-24T19:32:45+05:30,phone:ph36,phone:ph17,324,SBR-02,35673600026657
2026-03-05T17:42:10+05:30,phone:ph09,phone:ph07,354,AZD-12,35670900026306
2026-06-13T18:22:18+05:30,phone:ph18,phone:ph23,193,OKH-04,35671800026423
2026-03-24T22:42:38+05:30,phone:ph09,phone:ph11,107,GZP-09,35670900026306
2026-05-11T20:03:58+05:30,phone:ph10,phone:ph07,585,NOI-63,35671000026319
2026-02-10T06:48:24+05:30,phone:ph11,phone:ph08,400,NOI-63,35671100026332
2026-03-29T20:28:12+05:30,phone:ph02,phone:ph21,517,SBR-02,35670200026215
2026-05-14T23:25:33+05:30,phone:ph10,phone:ph09,61,DWK-21,35671000026319
2026-04-10T23:38:31+05:30,phone:ph04,phone:ph20,570,UDY-01,35670400026241
2026-03-25T06:25:24+05:30,phone:ph02,phone:ph04,143,UDY-01,35670200026215
2026-01-13T00:43:37+05:30,phone:ph09,phone:ph06,120,NOI-63,35670900026306
2026-03-30T21:19:51+05:30,phone:ph23,phone:ph02,343,SBR-02,35672300026488
2026-04-16T20:39:40+05:30,phone:ph18,phone:ph32,429,DWK-21,35671800026423
2026-05-30T14:06:30+05:30,phone:ph09,phone:ph10,225,DWK-21,35670900026306
2026-02-10T16:28:13+05:30,phone:ph36,phone:ph10,29,GZP-09,35673600026657
2026-05-09T20:10:04+05:30,phone:ph07,phone:ph11,329,SBR-02,35670700026280
2026-04-25T18:22:51+05:30,phone:ph34,phone:ph29,284,DWK-21,35673400026631
2026-05-19T21:07:17+05:30,phone:ph06,phone:ph11,137,KRB-08,35670600026267
2026-01-21T18:26:07+05:30,phone:ph38,phone:ph28,92,GZP-09,35673800026683
2026-03-19T02:18:38+05:30,phone:ph34,phone:ph18,174,AZD-12,35673400026631
2026-03-11T18:50:53+05:30,phone:ph11,phone:ph07,494,GZP-09,35671100026332
2026-06-03T00:15:06+05:30,phone:ph15,phone:ph23,186,KRB-08,35671500026384
2026-04-03T02:04:13+05:30,phone:ph14,phone:ph39,43,SBR-02,35671400026371
2026-03-23T02:49:39+05:30,phone:ph20,phone:ph04,453,UDY-01,35672000026449
2026-03-10T00:21:55+05:30,phone:ph21,phone:ph14,139,DWK-21,35672100026462
2026-02-03T04:40:06+05:30,phone:ph04,phone:ph20,265,UDY-01,35670400026241
2026-01-30T15:44:16+05:30,phone:ph06,phone:ph10,180,UDY-01,35670600026267
2026-01-25T21:49:50+05:30,phone:ph10,phone:ph09,464,KRB-08,35671000026319
2026-03-03T04:31:09+05:30,phone:ph04,phone:ph18,413,SBR-02,35670400026241
2026-04-15T23:45:44+05:30,phone:ph36,phone:ph15,339,KRB-08,35673600026657
2026-05-15T17:00:09+05:30,phone:ph20,phone:ph02,207,KRB-08,35672000026449
2026-03-31T22:06:00+05:30,phone:ph04,phone:ph20,47,UDY-01,35670400026241
2026-01-23T05:38:43+05:30,phone:ph08,phone:ph11,179,UDY-01,35670800026293
2026-02-01T02:44:11+05:30,phone:ph21,phone:ph02,452,NOI-63,35672100026462
2026-02-09T22:58:46+05:30,phone:ph11,phone:ph09,13,NOI-63,35671100026332
2026-05-03T17:50:55+05:30,phone:ph21,phone:ph02,66,AZD-12,35672100026462
2026-05-01T01:43:39+05:30,phone:ph17,phone:ph08,545,AZD-12,35671700026410
2026-04-10T02:04:35+05:30,phone:ph02,phone:ph12,560,NOI-63,35670200026215
2026-05-14T23:59:09+05:30,phone:ph04,phone:ph20,173,OKH-04,35670400026241
2026-06-12T02:48:29+05:30,phone:ph20,phone:ph04,189,OKH-04,35672000026449
2026-04-12T17:59:55+05:30,phone:ph10,phone:ph06,46,KRB-08,35671000026319
2026-04-22T17:36:25+05:30,phone:ph04,phone:ph21,224,AZD-12,35670400026241
2026-03-27T04:05:03+05:30,phone:ph08,phone:ph06,282,AZD-12,35670800026293
2026-04-03T04:52:47+05:30,phone:ph10,phone:ph06,220,SBR-02,35671000026319
2026-02-04T14:16:50+05:30,phone:ph20,phone:ph39,88,AZD-12,35672000026449
2026-01-10T22:42:33+05:30,phone:ph11,phone:ph10,217,OKH-04,35671100026332
2026-06-05T21:00:37+05:30,phone:ph04,phone:ph02,146,DWK-21,35670400026241
2026-02-16T15:12:34+05:30,phone:ph26,phone:ph16,149,GZP-09,35672600026527
2026-04-26T01:40:00+05:30,phone:ph20,phone:ph04,298,DWK-21,35672000026449
2026-06-02T20:23:05+05:30,phone:ph08,phone:ph06,325,NOI-63,35670800026293
2026-03-23T05:52:11+05:30,phone:ph01,phone:ph26,545,SBR-02,35670100026202
2026-05-11T02:22:12+05:30,phone:ph09,phone:ph11,402,DWK-21,35670900026306
2026-02-02T04:57:43+05:30,phone:ph10,phone:ph06,347,DWK-21,35671000026319
2026-06-06T18:48:13+05:30,phone:ph25,phone:ph00,546,NOI-63,35672500026514
2026-04-26T05:34:45+05:30,phone:ph21,phone:ph02,128,GZP-09,35672100026462
2026-02-02T22:46:02+05:30,phone:ph10,phone:ph14,42,KRB-08,35671000026319
2026-03-16T14:10:03+05:30,phone:ph04,phone:ph02,447,NOI-63,35670400026241
2026-01-30T22:22:41+05:30,phone:ph04,phone:ph20,277,KRB-08,35670400026241
2026-05-10T21:45:56+05:30,phone:ph33,phone:ph34,512,SBR-02,35673300026618
2026-01-08T19:28:17+05:30,phone:ph04,phone:ph20,562,KRB-08,35670400026241
2026-04-06T23:15:41+05:30,phone:ph09,phone:ph08,267,KRB-08,35670900026306
2026-03-11T00:56:47+05:30,phone:ph10,phone:ph07,179,SBR-02,35671000026319
2026-04-19T23:51:29+05:30,phone:ph21,phone:ph02,435,KRB-08,35672100026462
2026-01-12T02:49:35+05:30,phone:ph33,phone:ph31,361,UDY-01,35673300026618
2026-03-17T19:54:21+05:30,phone:ph02,phone:ph04,17,KRB-08,35670200026215
2026-05-07T06:59:23+05:30,phone:ph35,phone:ph11,443,SBR-02,35673500026644
2026-01-11T00:41:56+05:30,phone:ph09,phone:ph10,144,DWK-21,35670900026306
2026-03-11T23:59:40+05:30,phone:ph06,phone:ph09,400,SBR-02,35670600026267
2026-03-01T21:52:13+05:30,phone:ph39,phone:ph04,41,UDY-01,35673900026696
2026-04-05T16:28:54+05:30,phone:ph04,phone:ph28,463,NOI-63,35670400026241
2026-02-19T23:50:11+05:30,phone:ph07,phone:ph11,290,OKH-04,35670700026280
2026-05-04T23:43:19+05:30,phone:ph06,phone:ph20,158,DWK-21,35670600026267
2026-01-26T04:48:11+05:30,phone:ph20,phone:ph26,21,DWK-21,35672000026449
2026-03-28T22:54:04+05:30,phone:ph11,phone:ph10,256,AZD-12,35671100026332
2026-02-09T17:36:55+05:30,phone:ph02,phone:ph04,82,UDY-01,35670200026215
2026-04-03T22:50:44+05:30,phone:ph04,phone:ph20,249,SBR-02,35670400026241
2026-06-06T20:18:05+05:30,phone:ph06,phone:ph11,260,UDY-01,35670600026267
2026-02-19T22:44:23+05:30,phone:ph04,phone:ph02,90,UDY-01,35670400026241
2026-04-22T05:58:50+05:30,phone:ph33,phone:ph36,529,KRB-08,35673300026618
2026-03-29T05:59:39+05:30,phone:ph08,phone:ph11,52,AZD-12,35670800026293
2026-01-08T20:30:11+05:30,phone:ph00,phone:ph23,419,KRB-08,35670000026189
2026-04-07T18:02:31+05:30,phone:ph02,phone:ph04,489,DWK-21,35670200026215
2026-01-11T21:47:54+05:30,phone:ph15,phone:ph32,65,OKH-04,35671500026384
2026-04-16T17:59:49+05:30,phone:ph04,phone:ph02,189,SBR-02,35670400026241
2026-04-24T01:47:17+05:30,phone:ph35,phone:ph00,492,DWK-21,35673500026644
2026-04-04T02:38:35+05:30,phone:ph21,phone:ph04,164,NOI-63,35672100026462
2026-05-03T22:01:59+05:30,phone:ph11,phone:ph10,344,UDY-01,35671100026332
2026-01-31T22:12:06+05:30,phone:ph07,phone:ph08,302,KRB-08,35670700026280
2026-06-04T03:11:26+05:30,phone:ph08,phone:ph06,497,KRB-08,35670800026293
2026-06-05T22:59:17+05:30,phone:ph08,phone:ph07,106,UDY-01,35670800026293
2026-05-11T22:14:16+05:30,phone:ph20,phone:ph21,306,KRB-08,35672000026449
2026-03-09T16:55:23+05:30,phone:ph05,phone:ph20,214,DWK-21,35670500026254
2026-06-01T21:30:01+05:30,phone:ph02,phone:ph04,60,OKH-04,35670200026215
2026-01-07T01:14:45+05:30,phone:ph02,phone:ph04,96,AZD-12,35670200026215
2026-02-20T05:48:05+05:30,phone:ph07,phone:ph08,317,GZP-09,35670700026280
2026-02-01T01:09:54+05:30,phone:ph07,phone:ph09,298,DWK-21,35670700026280
2026-01-06T18:07:20+05:30,phone:ph20,phone:ph21,110,GZP-09,35672000026449
2026-05-16T06:09:45+05:30,phone:ph04,phone:ph21,276,NOI-63,35670400026241
2026-04-19T03:48:37+05:30,phone:ph04,phone:ph02,410,UDY-01,35670400026241
2026-01-17T15:54:52+05:30,phone:ph04,phone:ph21,181,SBR-02,35670400026241
2026-03-28T05:32:45+05:30,phone:ph04,phone:ph20,320,KRB-08,35670400026241
2026-04-12T17:08:14+05:30,phone:ph04,phone:ph20,267,UDY-01,35670400026241
2026-01-26T06:19:41+05:30,phone:ph11,phone:ph08,139,NOI-63,35671100026332
2026-03-28T21:04:09+05:30,phone:ph08,phone:ph10,505,SBR-02,35670800026293
2026-04-18T21:42:50+05:30,phone:ph10,phone:ph11,407,KRB-08,35671000026319
2026-01-24T02:46:52+05:30,phone:ph10,phone:ph09,294,KRB-08,35671000026319
2026-02-19T06:56:15+05:30,phone:ph02,phone:ph19,115,DWK-21,35670200026215
2026-06-11T17:52:50+05:30,phone:ph34,phone:ph10,103,UDY-01,35673400026631
2026-01-16T00:24:32+05:30,phone:ph11,phone:ph17,451,KRB-08,35671100026332
2026-04-29T19:58:28+05:30,phone:ph02,phone:ph04,580,NOI-63,35670200026215
2026-06-11T22:28:38+05:30,phone:ph09,phone:ph07,525,GZP-09,35670900026306
2026-04-11T14:20:27+05:30,phone:ph21,phone:ph04,229,UDY-01,35672100026462
2026-06-01T05:18:41+05:30,phone:ph04,phone:ph20,390,DWK-21,35670400026241
2026-05-12T18:42:52+05:30,phone:ph02,phone:ph18,188,UDY-01,35670200026215
2026-01-18T02:40:23+05:30,phone:ph06,phone:ph09,590,OKH-04,35670600026267
2026-02-19T04:43:16+05:30,phone:ph04,phone:ph02,486,NOI-63,35670400026241
2026-04-08T23:28:44+05:30,phone:ph21,phone:ph20,282,UDY-01,35672100026462
2026-04-05T18:54:28+05:30,phone:ph21,phone:ph02,60,KRB-08,35672100026462
2026-03-21T20:02:24+05:30,phone:ph10,phone:ph09,261,OKH-04,35671000026319
2026-02-18T03:14:21+05:30,phone:ph04,phone:ph20,204,SBR-02,35670400026241
2026-01-12T20:42:36+05:30,phone:ph14,phone:ph03,342,AZD-12,35671400026371
2026-01-17T18:55:31+05:30,phone:ph08,phone:ph07,177,UDY-01,35670800026293
2026-06-15T04:08:03+05:30,phone:ph11,phone:ph09,50,OKH-04,35671100026332
2026-04-30T15:34:47+05:30,phone:ph21,phone:ph20,490,NOI-63,35672100026462
2026-04-23T19:23:58+05:30,phone:ph25,phone:ph04,560,GZP-09,35672500026514
2026-02-14T03:18:44+05:30,phone:ph09,phone:ph11,352,OKH-04,35670900026306
2026-04-27T04:10:50+05:30,phone:ph20,phone:ph21,195,OKH-04,35672000026449
2026-06-06T18:25:16+05:30,phone:ph11,phone:ph10,559,UDY-01,35671100026332
2026-06-07T19:48:55+05:30,phone:ph07,phone:ph09,454,SBR-02,35670700026280
2026-05-21T06:07:46+05:30,phone:ph36,phone:ph04,560,OKH-04,35673600026657
2026-03-23T18:16:35+05:30,phone:ph02,phone:ph04,126,NOI-63,35670200026215
2026-01-10T03:11:40+05:30,phone:ph10,phone:ph06,125,AZD-12,35671000026319
2026-01-13T19:44:03+05:30,phone:ph25,phone:ph05,9,NOI-63,35672500026514
2026-05-27T06:48:06+05:30,phone:ph11,phone:ph09,580,SBR-02,35671100026332
2026-05-16T16:07:41+05:30,phone:ph10,phone:ph11,20,SBR-02,35671000026319
2026-02-09T15:44:34+05:30,phone:ph21,phone:ph04,108,AZD-12,35672100026462
2026-05-07T00:19:33+05:30,phone:ph07,phone:ph09,528,KRB-08,35670700026280
2026-02-09T22:50:33+05:30,phone:ph06,phone:ph11,294,GZP-09,35670600026267
2026-05-19T20:20:17+05:30,phone:ph04,phone:ph02,551,DWK-21,35670400026241
2026-06-14T19:03:20+05:30,phone:ph07,phone:ph09,415,UDY-01,35670700026280
2026-01-25T20:36:31+05:30,phone:ph04,phone:ph02,426,OKH-04,35670400026241
2026-06-01T01:52:29+05:30,phone:ph07,phone:ph02,578,NOI-63,35670700026280
2026-05-13T14:42:21+05:30,phone:ph30,phone:ph27,107,GZP-09,35673000026579
2026-06-01T00:56:39+05:30,phone:ph12,phone:ph09,102,DWK-21,35671200026345
2026-06-12T17:42:36+05:30,phone:ph26,phone:ph01,560,OKH-04,35672600026527
2026-04-03T21:12:38+05:30,phone:ph21,phone:ph20,33,SBR-02,35672100026462
2026-02-13T18:53:40+05:30,phone:ph04,phone:ph05,449,NOI-63,35670400026241
2026-05-24T03:04:48+05:30,phone:ph08,phone:ph10,321,NOI-63,35670800026293
2026-06-06T05:15:27+05:30,phone:ph04,phone:ph18,68,KRB-08,35670400026241
2026-03-26T20:35:07+05:30,phone:ph16,phone:ph37,83,KRB-08,35671600026397
2026-03-26T17:51:17+05:30,phone:ph06,phone:ph08,156,KRB-08,35670600026267
2026-05-05T14:02:13+05:30,phone:ph09,phone:ph11,309,AZD-12,35670900026306
2026-05-16T02:09:19+05:30,phone:ph03,phone:ph18,363,OKH-04,35670300026228
2026-05-23T14:49:52+05:30,phone:ph30,phone:ph07,216,NOI-63,35673000026579
2026-03-18T05:22:37+05:30,phone:ph02,phone:ph21,58,OKH-04,35670200026215
2026-03-06T05:51:49+05:30,phone:ph11,phone:ph32,230,OKH-04,35671100026332
2026-01-12T19:16:21+05:30,phone:ph09,phone:ph10,240,AZD-12,35670900026306
2026-01-27T15:31:32+05:30,phone:ph04,phone:ph21,106,NOI-63,35670400026241
2026-02-06T03:46:02+05:30,phone:ph21,phone:ph02,164,KRB-08,35672100026462
2026-03-14T20:28:25+05:30,phone:ph21,phone:ph02,24,NOI-63,35672100026462
2026-05-10T20:48:24+05:30,phone:ph20,phone:ph04,440,NOI-63,35672000026449
2026-05-07T21:21:53+05:30,phone:ph06,phone:ph08,576,GZP-09,35670600026267
2026-04-17T01:47:32+05:30,phone:ph04,phone:ph02,13,KRB-08,35670400026241
2026-04-22T05:32:50+05:30,phone:ph04,phone:ph21,270,KRB-08,35670400026241
2026-01-15T00:27:53+05:30,phone:ph07,phone:ph02,500,SBR-02,35670700026280
2026-03-03T00:20:03+05:30,phone:ph32,phone:ph15,463,NOI-63,35673200026605
2026-01-22T00:15:18+05:30,phone:ph20,phone:ph21,149,DWK-21,35672000026449
2026-01-21T20:41:09+05:30,phone:ph21,phone:ph04,438,AZD-12,35672100026462
2026-01-19T05:09:01+05:30,phone:ph04,phone:ph02,236,DWK-21,35670400026241
2026-03-29T16:41:02+05:30,phone:ph14,phone:ph08,79,OKH-04,35671400026371
2026-03-18T21:58:32+05:30,phone:ph05,phone:ph18,511,NOI-63,35670500026254
2026-04-27T03:14:51+05:30,phone:ph08,phone:ph06,242,GZP-09,35670800026293
2026-03-05T17:10:34+05:30,phone:ph04,phone:ph20,278,NOI-63,35670400026241
2026-01-29T16:10:46+05:30,phone:ph00,phone:ph37,44,UDY-01,35670000026189
2026-01-23T06:02:39+05:30,phone:ph07,phone:ph11,461,NOI-63,35670700026280
2026-02-01T03:40:24+05:30,phone:ph20,phone:ph02,550,DWK-21,35672000026449
2026-03-19T06:58:30+05:30,phone:ph08,phone:ph28,15,OKH-04,35670800026293
2026-02-20T16:34:33+05:30,phone:ph04,phone:ph02,147,SBR-02,35670400026241
2026-04-25T00:50:06+05:30,phone:ph39,phone:ph16,55,GZP-09,35673900026696
2026-04-20T16:51:58+05:30,phone:ph08,phone:ph31,410,NOI-63,35670800026293
2026-02-17T21:43:21+05:30,phone:ph07,phone:ph08,235,OKH-04,35670700026280
2026-05-17T05:06:50+05:30,phone:ph28,phone:ph08,117,UDY-01,35672800026553
2026-03-19T02:57:53+05:30,phone:ph11,phone:ph14,178,AZD-12,35671100026332
2026-02-13T23:44:36+05:30,phone:ph20,phone:ph21,56,NOI-63,35672000026449
2026-03-25T06:29:58+05:30,phone:ph06,phone:ph03,582,DWK-21,35670600026267
2026-04-17T04:26:50+05:30,phone:ph23,phone:ph03,597,GZP-09,35672300026488
2026-04-24T23:23:33+05:30,phone:ph20,phone:ph02,27,NOI-63,35672000026449
2026-01-21T17:30:40+05:30,phone:ph00,phone:ph08,569,SBR-02,35670000026189
2026-05-25T19:13:10+05:30,phone:ph11,phone:ph07,31,SBR-02,35671100026332
2026-02-09T01:59:51+05:30,phone:ph09,phone:ph06,168,NOI-63,35670900026306
2026-02-12T03:41:49+05:30,phone:ph08,phone:ph09,303,GZP-09,35670800026293
2026-03-10T03:12:29+05:30,phone:ph04,phone:ph21,208,SBR-02,35670400026241
2026-06-06T14:58:07+05:30,phone:ph08,phone:ph07,194,NOI-63,35670800026293
2026-04-28T05:06:18+05:30,phone:ph04,phone:ph20,11,AZD-12,35670400026241
2026-06-05T22:02:56+05:30,phone:ph08,phone:ph10,109,AZD-12,35670800026293
2026-04-01T06:22:19+05:30,phone:ph38,phone:ph23,562,DWK-21,35673800026683
2026-01-12T01:07:08+05:30,phone:ph11,phone:ph10,332,UDY-01,35671100026332
2026-01-23T02:59:31+05:30,phone:ph09,phone:ph11,335,GZP-09,35670900026306
2026-01-26T01:32:46+05:30,phone:ph02,phone:ph21,529,DWK-21,35670200026215
2026-01-19T18:02:01+05:30,phone:ph09,phone:ph10,272,KRB-08,35670900026306
2026-06-03T19:44:46+05:30,phone:ph11,phone:ph00,489,OKH-04,35671100026332
2026-04-10T19:49:28+05:30,phone:ph07,phone:ph08,407,DWK-21,35670700026280
2026-05-03T19:58:47+05:30,phone:ph02,phone:ph21,600,DWK-21,35670200026215
2026-05-23T18:03:07+05:30,phone:ph18,phone:ph39,490,DWK-21,35671800026423
2026-04-13T21:38:53+05:30,phone:ph20,phone:ph02,255,KRB-08,35672000026449
2026-03-28T23:54:20+05:30,phone:ph20,phone:ph04,409,UDY-01,35672000026449
2026-02-19T18:50:12+05:30,phone:ph02,phone:ph21,80,SBR-02,35670200026215
2026-01-23T03:44:38+05:30,phone:ph08,phone:ph09,251,KRB-08,35670800026293
2026-04-05T14:41:10+05:30,phone:ph02,phone:ph20,57,SBR-02,35670200026215
2026-03-15T14:59:43+05:30,phone:ph15,phone:ph10,397,NOI-63,35671500026384
2026-03-21T15:04:28+05:30,phone:ph18,phone:ph30,50,UDY-01,35671800026423
2026-03-18T17:39:57+05:30,phone:ph21,phone:ph02,517,GZP-09,35672100026462
2026-03-23T21:42:32+05:30,phone:ph15,phone:ph04,178,OKH-04,35671500026384
2026-06-03T21:11:46+05:30,phone:ph06,phone:ph08,419,SBR-02,35670600026267
2026-06-04T14:05:36+05:30,phone:ph09,phone:ph19,523,UDY-01,35670900026306
2026-05-28T01:49:25+05:30,phone:ph20,phone:ph02,393,DWK-21,35672000026449
2026-04-21T02:35:46+05:30,phone:ph37,phone:ph30,117,NOI-63,35673700026670
2026-05-02T22:11:07+05:30,phone:ph16,phone:ph27,62,NOI-63,35671600026397
2026-06-06T21:32:35+05:30,phone:ph08,phone:ph11,282,DWK-21,35670800026293
2026-06-03T17:41:49+05:30,phone:ph38,phone:ph06,305,OKH-04,35673800026683
2026-04-21T22:50:01+05:30,phone:ph34,phone:ph08,501,AZD-12,35673400026631
2026-04-23T21:59:15+05:30,phone:ph06,phone:ph11,100,KRB-08,35670600026267
2026-01-26T23:52:59+05:30,phone:ph11,phone:ph07,405,OKH-04,35671100026332
2026-05-24T20:12:02+05:30,phone:ph04,phone:ph20,308,DWK-21,35670400026241
2026-02-26T22:57:05+05:30,phone:ph21,phone:ph04,67,SBR-02,35672100026462
2026-04-10T06:26:03+05:30,phone:ph12,phone:ph08,533,SBR-02,35671200026345
2026-02-28T17:37:10+05:30,phone:ph27,phone:ph29,341,OKH-04,35672700026540
2026-02-24T02:09:57+05:30,phone:ph07,phone:ph09,501,UDY-01,35670700026280
2026-05-31T18:41:16+05:30,phone:ph02,phone:ph04,76,UDY-01,35670200026215
2026-02-02T15:41:54+05:30,phone:ph04,phone:ph21,450,GZP-09,35670400026241
2026-02-11T21:46:02+05:30,phone:ph07,phone:ph09,468,DWK-21,35670700026280
2026-04-29T03:06:34+05:30,phone:ph35,phone:ph28,272,UDY-01,35673500026644
2026-01-07T21:13:12+05:30,phone:ph17,phone:ph19,571,NOI-63,35671700026410
2026-06-11T00:12:41+05:30,phone:ph07,phone:ph11,73,GZP-09,35670700026280
2026-06-04T05:46:22+05:30,phone:ph33,phone:ph12,278,OKH-04,35673300026618
2026-01-27T14:22:30+05:30,phone:ph06,phone:ph11,228,DWK-21,35670600026267
2026-04-21T18:14:46+05:30,phone:ph06,phone:ph07,60,UDY-01,35670600026267
2026-06-13T15:19:09+05:30,phone:ph06,phone:ph10,486,AZD-12,35670600026267
2026-04-03T15:16:36+05:30,phone:ph04,phone:ph20,439,NOI-63,35670400026241
2026-06-02T03:54:20+05:30,phone:ph08,phone:ph06,582,SBR-02,35670800026293
2026-04-02T04:30:01+05:30,phone:ph32,phone:ph12,266,OKH-04,35673200026605
2026-03-25T16:59:57+05:30,phone:ph06,phone:ph10,234,UDY-01,35670600026267
2026-03-17T22:09:46+05:30,phone:ph04,phone:ph21,553,NOI-63,35670400026241
2026-02-01T05:36:58+05:30,phone:ph06,phone:ph10,548,KRB-08,35670600026267
2026-02-19T17:22:01+05:30,phone:ph07,phone:ph09,362,NOI-63,35670700026280
2026-02-10T19:17:55+05:30,phone:ph15,phone:ph33,93,AZD-12,35671500026384
2026-04-12T21:04:27+05:30,phone:ph20,phone:ph02,289,OKH-04,35672000026449
2026-04-04T00:36:44+05:30,phone:ph13,phone:ph26,335,NOI-63,35671300026358
2026-03-18T01:02:27+05:30,phone:ph04,phone:ph20,474,KRB-08,35670400026241
2026-04-30T06:32:07+05:30,phone:ph21,phone:ph20,131,SBR-02,35672100026462
2026-03-02T20:44:55+05:30,phone:ph22,phone:ph04,198,NOI-63,35672200026475
2026-02-19T20:59:22+05:30,phone:ph01,phone:ph06,189,SBR-02,35670100026202
2026-01-22T01:21:12+05:30,phone:ph08,phone:ph06,295,UDY-01,35670800026293
2026-06-11T02:12:59+05:30,phone:ph10,phone:ph07,331,DWK-21,35671000026319
2026-04-26T03:25:38+05:30,phone:ph21,phone:ph20,158,NOI-63,35672100026462
2026-03-07T01:25:31+05:30,phone:ph21,phone:ph04,202,KRB-08,35672100026462
2026-05-13T14:44:56+05:30,phone:ph02,phone:ph04,51,GZP-09,35670200026215
2026-06-10T22:03:50+05:30,phone:ph10,phone:ph08,587,DWK-21,35671000026319
2026-04-01T20:59:25+05:30,phone:ph11,phone:ph19,153,DWK-21,35671100026332
2026-01-09T18:03:58+05:30,phone:ph35,phone:ph00,379,UDY-01,35673500026644
2026-03-10T00:19:26+05:30,phone:ph04,phone:ph02,103,NOI-63,35670400026241
2026-05-06T02:32:01+05:30,phone:ph15,phone:ph12,197,DWK-21,35671500026384
2026-02-02T06:58:52+05:30,phone:ph26,phone:ph27,157,OKH-04,35672600026527
2026-03-15T04:21:07+05:30,phone:ph04,phone:ph02,477,UDY-01,35670400026241
2026-04-16T19:14:20+05:30,phone:ph21,phone:ph04,227,AZD-12,35672100026462
2026-05-28T04:10:58+05:30,phone:ph30,phone:ph39,386,NOI-63,35673000026579
2026-02-23T16:14:15+05:30,phone:ph20,phone:ph02,213,AZD-12,35672000026449
2026-05-14T03:52:57+05:30,phone:ph10,phone:ph11,547,SBR-02,35671000026319
2026-05-08T05:48:16+05:30,phone:ph09,phone:ph24,308,UDY-01,35670900026306
2026-05-01T23:00:02+05:30,phone:ph11,phone:ph29,499,SBR-02,35671100026332
2026-05-01T19:14:12+05:30,phone:ph10,phone:ph33,148,DWK-21,35671000026319
2026-04-17T20:05:17+05:30,phone:ph06,phone:ph10,294,SBR-02,35670600026267
2026-01-16T02:20:48+05:30,phone:ph10,phone:ph09,184,GZP-09,35671000026319
2026-03-03T18:50:25+05:30,phone:ph23,phone:ph37,29,OKH-04,35672300026488
2026-03-12T04:04:05+05:30,phone:ph20,phone:ph04,22,AZD-12,35672000026449
2026-02-04T14:35:40+05:30,phone:ph23,phone:ph27,485,AZD-12,35672300026488
2026-02-28T04:09:53+05:30,phone:ph04,phone:ph21,257,NOI-63,35670400026241
2026-06-07T06:16:50+05:30,phone:ph08,phone:ph07,181,GZP-09,35670800026293
2026-03-31T00:38:22+05:30,phone:ph19,phone:ph10,412,GZP-09,35671900026436
2026-05-21T23:24:42+05:30,phone:ph09,phone:ph28,442,SBR-02,35670900026306
2026-04-11T19:21:22+05:30,phone:ph29,phone:ph30,355,NOI-63,35672900026566
2026-02-24T01:26:51+05:30,phone:ph28,phone:ph10,189,OKH-04,35672800026553
2026-04-08T03:01:30+05:30,phone:ph20,phone:ph02,308,SBR-02,35672000026449
2026-05-22T04:23:46+05:30,phone:ph10,phone:ph09,437,UDY-01,35671000026319
2026-02-18T20:23:12+05:30,phone:ph11,phone:ph07,365,DWK-21,35671100026332
2026-01-23T19:21:55+05:30,phone:ph07,phone:ph11,44,AZD-12,35670700026280
2026-06-04T18:47:08+05:30,phone:ph20,phone:ph38,526,AZD-12,35672000026449
2026-06-11T18:07:03+05:30,phone:ph20,phone:ph21,414,KRB-08,35672000026449
2026-05-02T19:26:19+05:30,phone:ph11,phone:ph01,152,DWK-21,35671100026332
2026-03-15T05:33:45+05:30,phone:ph14,phone:ph05,366,OKH-04,35671400026371
2026-04-22T23:52:28+05:30,phone:ph38,phone:ph35,62,KRB-08,35673800026683
2026-05-06T19:11:06+05:30,phone:ph22,phone:ph05,33,NOI-63,35672200026475
2026-06-09T04:50:38+05:30,phone:ph07,phone:ph11,51,UDY-01,35670700026280
2026-06-11T00:58:33+05:30,phone:ph07,phone:ph06,238,OKH-04,35670700026280
2026-01-23T06:04:43+05:30,phone:ph21,phone:ph04,489,UDY-01,35672100026462
2026-04-26T18:01:48+05:30,phone:ph22,phone:ph27,502,DWK-21,35672200026475
2026-04-12T17:31:23+05:30,phone:ph11,phone:ph06,544,NOI-63,35671100026332
2026-02-12T01:20:40+05:30,phone:ph30,phone:ph24,389,OKH-04,35673000026579
2026-02-16T20:39:14+05:30,phone:ph00,phone:ph31,128,SBR-02,35670000026189
2026-02-25T15:05:00+05:30,phone:ph20,phone:ph04,327,UDY-01,35672000026449
2026-01-16T05:33:11+05:30,phone:ph20,phone:ph02,199,SBR-02,35672000026449
2026-04-28T05:19:45+05:30,phone:ph11,phone:ph10,495,OKH-04,35671100026332
2026-03-02T17:45:13+05:30,phone:ph08,phone:ph10,33,KRB-08,35670800026293
2026-03-18T05:08:17+05:30,phone:ph10,phone:ph07,279,AZD-12,35671000026319
2026-05-09T14:23:42+05:30,phone:ph04,phone:ph20,552,NOI-63,35670400026241
2026-03-14T22:03:36+05:30,phone:ph09,phone:ph10,118,NOI-63,35670900026306
2026-05-05T00:56:03+05:30,phone:ph21,phone:ph04,142,AZD-12,35672100026462
2026-06-03T20:35:53+05:30,phone:ph21,phone:ph02,201,KRB-08,35672100026462
2026-02-03T06:04:43+05:30,phone:ph02,phone:ph20,569,UDY-01,35670200026215
2026-03-25T01:06:24+05:30,phone:ph08,phone:ph11,537,AZD-12,35670800026293
2026-05-23T17:30:20+05:30,phone:ph15,phone:ph37,567,KRB-08,35671500026384
2026-02-17T06:24:33+05:30,phone:ph25,phone:ph36,323,AZD-12,35672500026514
2026-03-14T05:03:39+05:30,phone:ph08,phone:ph07,365,GZP-09,35670800026293
2026-01-31T21:02:59+05:30,phone:ph25,phone:ph39,276,DWK-21,35672500026514
2026-04-29T19:18:22+05:30,phone:ph21,phone:ph14,240,SBR-02,35672100026462
2026-03-20T21:57:38+05:30,phone:ph11,phone:ph20,128,SBR-02,35671100026332
2026-05-15T17:22:59+05:30,phone:ph04,phone:ph20,550,DWK-21,35670400026241
2026-03-30T05:53:58+05:30,phone:ph10,phone:ph11,472,SBR-02,35671000026319
2026-02-10T18:17:13+05:30,phone:ph07,phone:ph08,445,OKH-04,35670700026280
2026-04-18T16:58:33+05:30,phone:ph11,phone:ph09,145,SBR-02,35671100026332
2026-05-21T14:58:53+05:30,phone:ph02,phone:ph21,588,NOI-63,35670200026215
2026-06-06T19:13:58+05:30,phone:ph08,phone:ph06,129,AZD-12,35670800026293
2026-05-04T20:03:22+05:30,phone:ph11,phone:ph09,443,OKH-04,35671100026332
2026-05-24T14:25:33+05:30,phone:ph04,phone:ph21,91,OKH-04,35670400026241
2026-01-20T00:45:26+05:30,phone:ph09,phone:ph10,486,KRB-08,35670900026306
2026-02-15T01:39:55+05:30,phone:ph20,phone:ph04,126,AZD-12,35672000026449
2026-06-02T17:09:42+05:30,phone:ph20,phone:ph15,225,SBR-02,35672000026449
2026-05-01T22:23:46+05:30,phone:ph04,phone:ph02,260,SBR-02,35670400026241
2026-06-04T06:27:58+05:30,phone:ph17,phone:ph31,453,GZP-09,35671700026410
2026-03-20T16:45:22+05:30,phone:ph04,phone:ph21,74,NOI-63,35670400026241
2026-01-24T03:34:37+05:30,phone:ph34,phone:ph05,272,OKH-04,35673400026631
2026-05-01T22:39:25+05:30,phone:ph10,phone:ph11,518,OKH-04,35671000026319
2026-01-10T18:10:30+05:30,phone:ph10,phone:ph09,250,UDY-01,35671000026319
2026-02-13T00:04:27+05:30,phone:ph02,phone:ph04,595,KRB-08,35670200026215
2026-03-14T03:21:10+05:30,phone:ph28,phone:ph35,426,GZP-09,35672800026553
2026-03-18T19:16:03+05:30,phone:ph23,phone:ph22,593,UDY-01,35672300026488
2026-05-29T14:20:27+05:30,phone:ph04,phone:ph20,173,UDY-01,35670400026241
2026-01-29T01:17:46+05:30,phone:ph10,phone:ph06,323,GZP-09,35671000026319
2026-01-27T14:15:23+05:30,phone:ph35,phone:ph00,125,SBR-02,35673500026644
2026-03-30T04:29:48+05:30,phone:ph11,phone:ph07,477,OKH-04,35671100026332
2026-03-07T15:47:51+05:30,phone:ph12,phone:ph20,45,KRB-08,35671200026345
2026-03-06T17:30:59+05:30,phone:ph08,phone:ph09,61,AZD-12,35670800026293
2026-04-05T14:13:29+05:30,phone:ph26,phone:ph23,36,OKH-04,35672600026527
2026-05-21T21:33:30+05:30,phone:ph21,phone:ph20,395,KRB-08,35672100026462
2026-02-11T19:22:59+05:30,phone:ph02,phone:ph20,18,AZD-12,35670200026215
2026-05-04T14:47:18+05:30,phone:ph10,phone:ph11,383,AZD-12,35671000026319
2026-06-05T15:50:03+05:30,phone:ph20,phone:ph21,77,DWK-21,35672000026449
2026-01-31T20:59:54+05:30,phone:ph14,phone:ph37,359,DWK-21,35671400026371
2026-05-20T15:58:55+05:30,phone:ph10,phone:ph06,535,NOI-63,35671000026319
2026-06-01T02:36:24+05:30,phone:ph02,phone:ph04,124,NOI-63,35670200026215
2026-04-30T22:49:33+05:30,phone:ph11,phone:ph09,387,AZD-12,35671100026332
2026-05-13T00:40:20+05:30,phone:ph11,phone:ph08,8,KRB-08,35671100026332
2026-03-07T06:14:32+05:30,phone:ph21,phone:ph04,110,GZP-09,35672100026462
2026-01-10T05:47:24+05:30,phone:ph11,phone:ph09,542,NOI-63,35671100026332
2026-04-30T06:14:02+05:30,phone:ph09,phone:ph15,226,UDY-01,35670900026306
2026-03-12T01:30:35+05:30,phone:ph07,phone:ph09,506,DWK-21,35670700026280
2026-01-30T03:51:48+05:30,phone:ph24,phone:ph04,371,UDY-01,35672400026501
2026-02-25T14:38:33+05:30,phone:ph10,phone:ph11,33,DWK-21,35671000026319
2026-06-05T06:12:43+05:30,phone:ph21,phone:ph02,139,AZD-12,35672100026462
2026-05-10T20:35:38+05:30,phone:ph02,phone:ph04,510,AZD-12,35670200026215
2026-05-17T18:41:58+05:30,phone:ph20,phone:ph04,521,AZD-12,35672000026449
2026-04-22T04:38:21+05:30,phone:ph10,phone:ph09,449,UDY-01,35671000026319
2026-05-21T20:55:34+05:30,phone:ph10,phone:ph07,520,GZP-09,35671000026319
2026-05-08T23:42:29+05:30,phone:ph32,phone:ph31,46,AZD-12,35673200026605
2026-01-30T22:21:13+05:30,phone:ph04,phone:ph20,135,UDY-01,35670400026241
2026-05-02T21:16:14+05:30,phone:ph20,phone:ph21,554,AZD-12,35672000026449
2026-01-30T22:23:42+05:30,phone:ph07,phone:ph10,509,UDY-01,35670700026280
2026-05-31T03:57:25+05:30,phone:ph06,phone:ph04,59,NOI-63,35670600026267
2026-01-31T17:16:58+05:30,phone:ph20,phone:ph21,456,DWK-21,35672000026449
2026-05-29T00:51:47+05:30,phone:ph09,phone:ph31,183,UDY-01,35670900026306
2026-05-16T20:28:23+05:30,phone:ph09,phone:ph11,41,NOI-63,35670900026306
2026-05-17T04:03:50+05:30,phone:ph04,phone:ph21,530,NOI-63,35670400026241
2026-03-09T03:47:33+05:30,phone:ph29,phone:ph22,357,AZD-12,35672900026566
2026-05-14T05:05:51+05:30,phone:ph31,phone:ph21,368,UDY-01,35673100026592
2026-06-08T15:03:57+05:30,phone:ph03,phone:ph04,60,SBR-02,35670300026228
2026-04-26T22:30:12+05:30,phone:ph00,phone:ph31,128,DWK-21,35670000026189
2026-04-27T23:11:31+05:30,phone:ph12,phone:ph27,596,DWK-21,35671200026345
2026-02-19T22:31:21+05:30,phone:ph02,phone:ph04,19,DWK-21,35670200026215
2026-04-05T21:31:42+05:30,phone:ph02,phone:ph04,393,DWK-21,35670200026215
2026-01-27T20:22:36+05:30,phone:ph39,phone:ph26,459,KRB-08,35673900026696
2026-05-23T03:45:34+05:30,phone:ph11,phone:ph06,233,OKH-04,35671100026332
2026-02-19T21:05:57+05:30,phone:ph04,phone:ph02,119,OKH-04,35670400026241
2026-01-29T05:42:04+05:30,phone:ph04,phone:ph33,497,SBR-02,35670400026241
2026-03-11T14:50:06+05:30,phone:ph04,phone:ph20,263,UDY-01,35670400026241
2026-04-06T02:35:16+05:30,phone:ph04,phone:ph02,49,UDY-01,35670400026241
2026-02-10T14:33:47+05:30,phone:ph07,phone:ph06,223,OKH-04,35670700026280
2026-04-07T22:30:14+05:30,phone:ph02,phone:ph21,373,KRB-08,35670200026215
2026-03-25T23:15:17+05:30,phone:ph29,phone:ph36,426,DWK-21,35672900026566
2026-04-21T17:31:20+05:30,phone:ph08,phone:ph10,498,UDY-01,35670800026293
2026-01-12T04:08:20+05:30,phone:ph08,phone:ph06,494,AZD-12,35670800026293
2026-05-20T23:17:50+05:30,phone:ph04,phone:ph21,133,KRB-08,35670400026241
2026-03-27T00:07:09+05:30,phone:ph05,phone:ph33,345,AZD-12,35670500026254
2026-02-12T01:46:55+05:30,phone:ph11,phone:ph06,272,AZD-12,35671100026332
2026-04-09T23:42:53+05:30,phone:ph20,phone:ph04,387,GZP-09,35672000026449
2026-01-24T20:38:12+05:30,phone:ph08,phone:ph06,306,AZD-12,35670800026293
2026-05-06T03:16:41+05:30,phone:ph11,phone:ph09,89,KRB-08,35671100026332
2026-02-05T06:01:29+05:30,phone:ph04,phone:ph02,561,OKH-04,35670400026241
2026-05-02T04:09:01+05:30,phone:ph24,phone:ph19,461,KRB-08,35672400026501
2026-03-06T22:24:47+05:30,phone:ph04,phone:ph21,268,OKH-04,35670400026241
2026-02-13T05:05:59+05:30,phone:ph25,phone:ph17,218,UDY-01,35672500026514
2026-05-29T18:17:34+05:30,phone:ph08,phone:ph09,22,NOI-63,35670800026293
2026-02-13T22:41:40+05:30,phone:ph04,phone:ph02,129,AZD-12,35670400026241
2026-02-10T03:33:42+05:30,phone:ph21,phone:ph02,579,DWK-21,35672100026462
2026-01-26T17:57:03+05:30,phone:ph20,phone:ph04,94,UDY-01,35672000026449
2026-05-28T18:13:43+05:30,phone:ph08,phone:ph09,555,DWK-21,35670800026293
2026-03-11T06:14:28+05:30,phone:ph20,phone:ph21,547,AZD-12,35672000026449
2026-03-02T18:50:12+05:30,phone:ph20,phone:ph21,328,NOI-63,35672000026449
2026-01-26T17:47:24+05:30,phone:ph20,phone:ph04,231,GZP-09,35672000026449
2026-02-16T06:32:05+05:30,phone:ph21,phone:ph14,413,SBR-02,35672100026462
2026-03-19T15:48:34+05:30,phone:ph11,phone:ph10,320,UDY-01,35671100026332
2026-03-20T18:58:13+05:30,phone:ph02,phone:ph04,360,UDY-01,35670200026215
2026-02-28T03:32:14+05:30,phone:ph06,phone:ph08,147,GZP-09,35670600026267
2026-03-15T05:03:10+05:30,phone:ph00,phone:ph38,469,SBR-02,35670000026189
2026-06-15T04:02:38+05:30,phone:ph22,phone:ph09,418,SBR-02,35672200026475
2026-02-19T00:03:44+05:30,phone:ph04,phone:ph34,528,OKH-04,35670400026241
2026-05-08T05:39:34+05:30,phone:ph24,phone:ph25,320,SBR-02,35672400026501
2026-06-01T16:19:55+05:30,phone:ph02,phone:ph21,241,DWK-21,35670200026215
2026-01-08T19:36:18+05:30,phone:ph20,phone:ph02,549,AZD-12,35672000026449
2026-02-19T21:12:27+05:30,phone:ph08,phone:ph37,13,AZD-12,35670800026293
2026-04-03T00:17:32+05:30,phone:ph21,phone:ph38,185,DWK-21,35672100026462
2026-02-11T00:57:52+05:30,phone:ph32,phone:ph07,486,AZD-12,35673200026605
2026-05-03T20:48:50+05:30,phone:ph04,phone:ph02,131,NOI-63,35670400026241
2026-03-15T20:34:57+05:30,phone:ph09,phone:ph11,435,NOI-63,35670900026306
2026-06-01T03:20:29+05:30,phone:ph21,phone:ph32,239,DWK-21,35672100026462
2026-02-19T03:39:40+05:30,phone:ph04,phone:ph21,337,UDY-01,35670400026241
2026-04-30T06:46:19+05:30,phone:ph20,phone:ph02,569,GZP-09,35672000026449
2026-02-13T03:33:06+05:30,phone:ph20,phone:ph04,95,UDY-01,35672000026449
2026-05-18T23:17:41+05:30,phone:ph27,phone:ph31,585,NOI-63,35672700026540
2026-02-22T19:17:18+05:30,phone:ph04,phone:ph21,354,SBR-02,35670400026241
2026-05-03T06:20:56+05:30,phone:ph09,phone:ph07,67,NOI-63,35670900026306
2026-04-12T18:42:01+05:30,phone:ph04,phone:ph02,274,UDY-01,35670400026241
2026-04-11T23:44:13+05:30,phone:ph32,phone:ph09,120,AZD-12,35673200026605
2026-04-26T15:18:01+05:30,phone:ph06,phone:ph08,59,DWK-21,35670600026267
2026-04-21T22:37:06+05:30,phone:ph04,phone:ph21,437,SBR-02,35670400026241
2026-03-10T20:41:27+05:30,phone:ph03,phone:ph24,152,KRB-08,35670300026228
2026-01-25T18:01:53+05:30,phone:ph24,phone:ph38,390,SBR-02,35672400026501
2026-02-03T03:35:22+05:30,phone:ph10,phone:ph08,433,DWK-21,35671000026319
2026-05-27T16:20:21+05:30,phone:ph04,phone:ph20,142,SBR-02,35670400026241
2026-02-09T22:07:05+05:30,phone:ph04,phone:ph32,536,KRB-08,35670400026241
2026-03-07T04:39:27+05:30,phone:ph09,phone:ph08,351,DWK-21,35670900026306
2026-03-16T00:23:10+05:30,phone:ph21,phone:ph04,206,KRB-08,35672100026462
2026-01-28T02:53:41+05:30,phone:ph02,phone:ph04,355,SBR-02,35670200026215
2026-04-19T22:31:53+05:30,phone:ph21,phone:ph02,325,SBR-02,35672100026462
2026-04-09T19:08:10+05:30,phone:ph29,phone:ph37,325,AZD-12,35672900026566
2026-04-23T21:20:13+05:30,phone:ph02,phone:ph20,313,AZD-12,35670200026215
2026-05-09T16:10:00+05:30,phone:ph12,phone:ph09,405,UDY-01,35671200026345
2026-06-07T02:23:19+05:30,phone:ph35,phone:ph12,517,DWK-21,35673500026644
2026-03-10T02:25:15+05:30,phone:ph21,phone:ph02,424,NOI-63,35672100026462
2026-04-22T14:45:22+05:30,phone:ph39,phone:ph00,486,OKH-04,35673900026696
2026-01-28T19:30:52+05:30,phone:ph35,phone:ph04,256,UDY-01,35673500026644
2026-03-08T05:08:00+05:30,phone:ph07,phone:ph06,426,UDY-01,35670700026280
2026-06-02T20:55:48+05:30,phone:ph38,phone:ph05,188,OKH-04,35673800026683
2026-05-19T01:01:54+05:30,phone:ph09,phone:ph11,478,AZD-12,35670900026306
2026-01-08T04:27:43+05:30,phone:ph09,phone:ph07,304,NOI-63,35670900026306
2026-02-20T00:40:10+05:30,phone:ph20,phone:ph29,418,DWK-21,35672000026449
2026-06-11T05:08:37+05:30,phone:ph07,phone:ph10,290,NOI-63,35670700026280
2026-03-10T16:35:34+05:30,phone:ph07,phone:ph06,15,UDY-01,35670700026280
2026-01-25T05:58:13+05:30,phone:ph21,phone:ph02,228,GZP-09,35672100026462
2026-02-06T17:05:38+05:30,phone:ph00,phone:ph18,339,GZP-09,35670000026189
2026-02-04T04:28:50+05:30,phone:ph39,phone:ph27,493,UDY-01,35673900026696
2026-04-02T01:02:31+05:30,phone:ph07,phone:ph08,66,GZP-09,35670700026280
2026-05-24T15:48:01+05:30,phone:ph04,phone:ph02,24,UDY-01,35670400026241
2026-05-31T15:25:09+05:30,phone:ph02,phone:ph20,545,KRB-08,35670200026215
2026-03-25T21:50:05+05:30,phone:ph12,phone:ph03,226,SBR-02,35671200026345
2026-04-20T21:37:39+05:30,phone:ph09,phone:ph08,253,AZD-12,35670900026306
2026-01-14T02:25:37+05:30,phone:ph11,phone:ph07,210,NOI-63,35671100026332
2026-01-30T03:46:34+05:30,phone:ph20,phone:ph21,373,KRB-08,35672000026449
2026-05-17T03:37:07+05:30,phone:ph02,phone:ph21,567,KRB-08,35670200026215
2026-01-11T00:42:19+05:30,phone:ph21,phone:ph04,470,SBR-02,35672100026462
2026-04-20T05:00:48+05:30,phone:ph04,phone:ph20,577,SBR-02,35670400026241
2026-01-15T15:31:40+05:30,phone:ph11,phone:ph07,283,NOI-63,35671100026332
2026-05-15T02:06:25+05:30,phone:ph10,phone:ph08,522,AZD-12,35671000026319
2026-04-30T04:58:05+05:30,phone:ph10,phone:ph11,232,GZP-09,35671000026319
2026-01-08T18:15:22+05:30,phone:ph10,phone:ph03,552,SBR-02,35671000026319
2026-05-14T05:46:55+05:30,phone:ph08,phone:ph10,325,OKH-04,35670800026293
2026-01-27T14:59:11+05:30,phone:ph11,phone:ph09,58,SBR-02,35671100026332
2026-05-27T00:19:38+05:30,phone:ph20,phone:ph38,581,AZD-12,35672000026449
2026-03-08T05:41:49+05:30,phone:ph12,phone:ph00,281,DWK-21,35671200026345
2026-01-09T22:59:09+05:30,phone:ph21,phone:ph02,482,OKH-04,35672100026462
2026-01-05T17:49:43+05:30,phone:ph02,phone:ph04,195,KRB-08,35670200026215
2026-04-04T05:09:43+05:30,phone:ph23,phone:ph34,312,GZP-09,35672300026488
2026-03-04T19:03:07+05:30,phone:ph38,phone:ph06,77,AZD-12,35673800026683
2026-04-20T03:27:30+05:30,phone:ph09,phone:ph10,90,SBR-02,35670900026306
2026-06-05T14:44:11+05:30,phone:ph08,phone:ph06,95,DWK-21,35670800026293
2026-06-13T14:52:46+05:30,phone:ph02,phone:ph04,523,UDY-01,35670200026215
2026-06-09T15:54:24+05:30,phone:ph04,phone:ph21,319,KRB-08,35670400026241
2026-02-09T15:28:44+05:30,phone:ph04,phone:ph24,320,DWK-21,35670400026241
2026-02-06T01:37:23+05:30,phone:ph20,phone:ph02,524,SBR-02,35672000026449
2026-06-15T00:22:44+05:30,phone:ph04,phone:ph02,379,OKH-04,35670400026241
2026-04-02T15:05:47+05:30,phone:ph21,phone:ph02,200,NOI-63,35672100026462
2026-04-22T22:03:59+05:30,phone:ph02,phone:ph04,238,NOI-63,35670200026215
2026-05-25T16:22:10+05:30,phone:ph04,phone:ph21,479,DWK-21,35670400026241
2026-03-11T03:25:47+05:30,phone:ph06,phone:ph07,575,UDY-01,35670600026267
2026-01-26T23:37:21+05:30,phone:ph33,phone:ph35,395,SBR-02,35673300026618
2026-03-19T05:06:22+05:30,phone:ph02,phone:ph28,130,UDY-01,35670200026215
2026-02-15T04:43:39+05:30,phone:ph08,phone:ph07,431,DWK-21,35670800026293
2026-05-13T19:19:15+05:30,phone:ph08,phone:ph21,67,SBR-02,35670800026293
2026-05-03T03:12:51+05:30,phone:ph10,phone:ph06,17,UDY-01,35671000026319
2026-05-04T02:41:57+05:30,phone:ph09,phone:ph38,60,AZD-12,35670900026306
2026-02-02T03:44:55+05:30,phone:ph04,phone:ph20,466,KRB-08,35670400026241
2026-03-24T14:26:24+05:30,phone:ph35,phone:ph05,183,KRB-08,35673500026644
2026-01-18T05:20:04+05:30,phone:ph08,phone:ph06,258,GZP-09,35670800026293
2026-02-06T04:47:14+05:30,phone:ph28,phone:ph32,135,NOI-63,35672800026553
2026-02-25T22:27:08+05:30,phone:ph08,phone:ph09,543,AZD-12,35670800026293
2026-05-17T14:25:02+05:30,phone:ph20,phone:ph04,202,GZP-09,35672000026449
2026-05-01T06:44:49+05:30,phone:ph08,phone:ph11,269,DWK-21,35670800026293
2026-02-13T18:21:59+05:30,phone:ph21,phone:ph04,385,KRB-08,35672100026462
2026-03-01T15:07:23+05:30,phone:ph34,phone:ph17,443,KRB-08,35673400026631
2026-02-18T01:47:22+05:30,phone:ph20,phone:ph04,490,KRB-08,35672000026449
2026-04-08T03:57:01+05:30,phone:ph21,phone:ph20,299,NOI-63,35672100026462
2026-04-27T15:05:40+05:30,phone:ph06,phone:ph07,151,DWK-21,35670600026267
2026-06-03T22:49:27+05:30,phone:ph20,phone:ph04,150,GZP-09,35672000026449
2026-04-19T23:24:15+05:30,phone:ph07,phone:ph06,365,KRB-08,35670700026280
2026-06-10T18:23:18+05:30,phone:ph36,phone:ph21,8,SBR-02,35673600026657
2026-06-09T16:02:09+05:30,phone:ph21,phone:ph20,188,KRB-08,35672100026462
2026-03-09T05:44:02+05:30,phone:ph20,phone:ph04,318,DWK-21,35672000026449
2026-01-27T04:41:30+05:30,phone:ph02,phone:ph04,80,SBR-02,35670200026215
2026-05-13T06:11:41+05:30,phone:ph26,phone:ph02,316,GZP-09,35672600026527
2026-06-14T06:20:54+05:30,phone:ph08,phone:ph28,211,OKH-04,35670800026293
2026-02-12T03:23:06+05:30,phone:ph21,phone:ph00,99,UDY-01,35672100026462
2026-04-04T20:22:32+05:30,phone:ph09,phone:ph11,538,NOI-63,35670900026306
2026-05-21T04:42:15+05:30,phone:ph07,phone:ph08,468,OKH-04,35670700026280
2026-03-10T14:33:22+05:30,phone:ph11,phone:ph02,55,AZD-12,35671100026332
2026-03-27T05:26:52+05:30,phone:ph36,phone:ph31,185,AZD-12,35673600026657
2026-02-23T18:06:46+05:30,phone:ph02,phone:ph04,501,UDY-01,35670200026215
2026-01-15T22:47:32+05:30,phone:ph11,phone:ph10,45,UDY-01,35671100026332
2026-05-06T03:38:22+05:30,phone:ph22,phone:ph10,72,AZD-12,35672200026475
2026-04-24T21:40:23+05:30,phone:ph35,phone:ph21,241,SBR-02,35673500026644
2026-01-20T18:33:30+05:30,phone:ph04,phone:ph02,235,GZP-09,35670400026241
2026-01-13T17:16:17+05:30,phone:ph25,phone:ph37,489,AZD-12,35672500026514
2026-02-06T20:06:27+05:30,phone:ph08,phone:ph07,537,UDY-01,35670800026293
2026-02-04T17:40:27+05:30,phone:ph02,phone:ph04,33,OKH-04,35670200026215
2026-01-16T21:44:35+05:30,phone:ph07,phone:ph10,575,AZD-12,35670700026280
2026-01-11T18:54:40+05:30,phone:ph07,phone:ph09,91,SBR-02,35670700026280
2026-03-28T02:31:57+05:30,phone:ph08,phone:ph09,232,NOI-63,35670800026293
2026-02-06T22:48:07+05:30,phone:ph11,phone:ph08,362,AZD-12,35671100026332
2026-05-19T22:06:18+05:30,phone:ph09,phone:ph12,355,UDY-01,35670900026306
2026-01-30T15:08:51+05:30,phone:ph10,phone:ph27,179,KRB-08,35671000026319
2026-01-15T01:01:04+05:30,phone:ph04,phone:ph18,276,DWK-21,35670400026241
2026-03-09T06:50:33+05:30,phone:ph08,phone:ph07,299,DWK-21,35670800026293
2026-02-03T06:18:21+05:30,phone:ph04,phone:ph20,351,OKH-04,35670400026241
2026-04-28T19:30:42+05:30,phone:ph07,phone:ph06,31,GZP-09,35670700026280
2026-03-21T01:31:05+05:30,phone:ph19,phone:ph13,405,AZD-12,35671900026436
2026-02-11T17:17:01+05:30,phone:ph21,phone:ph20,357,UDY-01,35672100026462
2026-04-23T14:27:24+05:30,phone:ph02,phone:ph04,279,NOI-63,35670200026215
2026-04-16T15:50:37+05:30,phone:ph07,phone:ph11,278,SBR-02,35670700026280
2026-06-05T23:32:09+05:30,phone:ph35,phone:ph02,523,UDY-01,35673500026644
2026-03-16T18:25:21+05:30,phone:ph11,phone:ph07,46,NOI-63,35671100026332
2026-04-21T14:21:04+05:30,phone:ph09,phone:ph07,284,AZD-12,35670900026306
2026-04-13T02:52:33+05:30,phone:ph39,phone:ph24,79,NOI-63,35673900026696
2026-03-27T16:44:26+05:30,phone:ph12,phone:ph24,342,UDY-01,35671200026345
2026-04-17T01:12:51+05:30,phone:ph09,phone:ph06,428,SBR-02,35670900026306
2026-03-17T21:34:25+05:30,phone:ph04,phone:ph20,52,SBR-02,35670400026241
2026-02-01T01:01:05+05:30,phone:ph38,phone:ph35,530,NOI-63,35673800026683
2026-03-21T00:30:57+05:30,phone:ph03,phone:ph22,487,NOI-63,35670300026228
2026-03-16T02:13:18+05:30,phone:ph17,phone:ph16,28,UDY-01,35671700026410
2026-01-10T14:32:04+05:30,phone:ph13,phone:ph09,215,KRB-08,35671300026358
2026-02-20T20:58:27+05:30,phone:ph05,phone:ph15,345,OKH-04,35670500026254
2026-03-18T16:56:21+05:30,phone:ph20,phone:ph38,373,AZD-12,35672000026449
2026-06-01T23:09:40+05:30,phone:ph20,phone:ph04,315,DWK-21,35672000026449
2026-05-22T04:37:12+05:30,phone:ph08,phone:ph10,248,AZD-12,35670800026293
2026-05-12T20:12:20+05:30,phone:ph21,phone:ph34,157,OKH-04,35672100026462
2026-03-16T22:27:43+05:30,phone:ph01,phone:ph33,396,DWK-21,35670100026202
2026-03-18T15:58:42+05:30,phone:ph04,phone:ph20,157,UDY-01,35670400026241
2026-04-23T20:37:26+05:30,phone:ph25,phone:ph22,500,KRB-08,35672500026514
2026-06-05T17:40:06+05:30,phone:ph19,phone:ph13,340,UDY-01,35671900026436
2026-01-18T20:15:41+05:30,phone:ph04,phone:ph20,478,AZD-12,35670400026241
2026-01-28T01:26:17+05:30,phone:ph11,phone:ph08,292,NOI-63,35671100026332
2026-01-29T06:08:48+05:30,phone:ph19,phone:ph14,384,UDY-01,35671900026436
2026-05-07T01:55:48+05:30,phone:ph09,phone:ph10,273,UDY-01,35670900026306
2026-03-07T20:20:30+05:30,phone:ph11,phone:ph07,528,SBR-02,35671100026332
2026-03-29T14:17:58+05:30,phone:ph00,phone:ph15,27,DWK-21,35670000026189
2026-02-23T05:14:17+05:30,phone:ph29,phone:ph26,247,OKH-04,35672900026566
2026-02-25T04:49:47+05:30,phone:ph05,phone:ph23,341,KRB-08,35670500026254
2026-03-06T06:11:10+05:30,phone:ph04,phone:ph21,522,DWK-21,35670400026241
2026-06-03T21:08:43+05:30,phone:ph04,phone:ph20,143,OKH-04,35670400026241
2026-04-26T06:35:09+05:30,phone:ph02,phone:ph20,126,SBR-02,35670200026215
2026-03-04T15:30:51+05:30,phone:ph20,phone:ph24,509,SBR-02,35672000026449
2026-01-31T14:44:47+05:30,phone:ph11,phone:ph06,310,NOI-63,35671100026332
2026-01-14T05:44:57+05:30,phone:ph26,phone:ph05,423,DWK-21,35672600026527
2026-03-09T15:45:49+05:30,phone:ph11,phone:ph08,62,SBR-02,35671100026332
2026-03-30T03:20:23+05:30,phone:ph37,phone:ph06,600,SBR-02,35673700026670
2026-04-01T21:49:39+05:30,phone:ph20,phone:ph21,320,SBR-02,35672000026449
2026-02-24T23:31:06+05:30,phone:ph02,phone:ph20,352,NOI-63,35670200026215
2026-05-28T15:27:28+05:30,phone:ph10,phone:ph09,451,GZP-09,35671000026319
2026-03-22T22:55:24+05:30,phone:ph04,phone:ph20,118,NOI-63,35670400026241
2026-06-11T06:15:15+05:30,phone:ph15,phone:ph23,33,GZP-09,35671500026384
2026-03-21T19:26:32+05:30,phone:ph35,phone:ph39,250,AZD-12,35673500026644
2026-05-19T23:12:19+05:30,phone:ph10,phone:ph11,132,GZP-09,35671000026319
2026-04-19T17:46:56+05:30,phone:ph01,phone:ph15,198,GZP-09,35670100026202
2026-04-23T23:27:38+05:30,phone:ph04,phone:ph21,553,KRB-08,35670400026241
2026-06-03T00:52:46+05:30,phone:ph04,phone:ph21,320,UDY-01,35670400026241
2026-01-23T18:23:07+05:30,phone:ph09,phone:ph10,155,DWK-21,35670900026306
2026-02-26T18:05:57+05:30,phone:ph12,phone:ph20,255,OKH-04,35671200026345
2026-05-11T17:55:12+05:30,phone:ph08,phone:ph06,67,GZP-09,35670800026293
2026-01-26T01:46:43+05:30,phone:ph06,phone:ph02,433,GZP-09,35670600026267
2026-06-02T17:40:11+05:30,phone:ph21,phone:ph04,539,UDY-01,35672100026462
2026-02-25T14:36:46+05:30,phone:ph09,phone:ph10,463,DWK-21,35670900026306
2026-05-19T02:37:30+05:30,phone:ph22,phone:ph13,188,AZD-12,35672200026475
2026-03-28T16:51:59+05:30,phone:ph25,phone:ph34,542,AZD-12,35672500026514
2026-05-30T16:02:11+05:30,phone:ph13,phone:ph25,20,OKH-04,35671300026358
2026-01-08T02:45:36+05:30,phone:ph01,phone:ph29,220,DWK-21,35670100026202
2026-02-27T06:32:04+05:30,phone:ph35,phone:ph07,63,NOI-63,35673500026644
2026-06-03T17:18:38+05:30,phone:ph07,phone:ph10,232,KRB-08,35670700026280
2026-03-29T18:10:17+05:30,phone:ph17,phone:ph22,556,DWK-21,35671700026410
2026-01-28T02:25:38+05:30,phone:ph36,phone:ph16,143,UDY-01,35673600026657
2026-03-04T02:24:43+05:30,phone:ph39,phone:ph29,331,GZP-09,35673900026696
2026-05-30T22:21:15+05:30,phone:ph36,phone:ph13,442,NOI-63,35673600026657
2026-05-23T03:52:37+05:30,phone:ph20,phone:ph26,87,KRB-08,35672000026449
2026-03-22T20:16:41+05:30,phone:ph02,phone:ph20,481,AZD-12,35670200026215
2026-03-21T16:30:18+05:30,phone:ph08,phone:ph10,148,SBR-02,35670800026293
2026-03-26T04:32:25+05:30,phone:ph21,phone:ph02,502,SBR-02,35672100026462
2026-03-07T14:10:34+05:30,phone:ph09,phone:ph06,112,KRB-08,35670900026306
2026-04-03T17:21:35+05:30,phone:ph08,phone:ph11,478,UDY-01,35670800026293
2026-04-22T17:37:29+05:30,phone:ph02,phone:ph04,485,GZP-09,35670200026215
2026-03-20T02:05:18+05:30,phone:ph06,phone:ph08,361,GZP-09,35670600026267
2026-01-24T16:27:45+05:30,phone:ph07,phone:ph03,30,AZD-12,35670700026280
2026-02-26T21:42:49+05:30,phone:ph21,phone:ph04,87,DWK-21,35672100026462
2026-01-20T06:15:17+05:30,phone:ph02,phone:ph04,254,GZP-09,35670200026215
2026-06-12T16:39:37+05:30,phone:ph02,phone:ph04,353,DWK-21,35670200026215
2026-05-31T14:06:14+05:30,phone:ph03,phone:ph39,582,OKH-04,35670300026228
2026-01-18T03:46:03+05:30,phone:ph10,phone:ph09,597,SBR-02,35671000026319
2026-03-13T02:36:07+05:30,phone:ph21,phone:ph04,31,AZD-12,35672100026462
2026-01-28T19:17:45+05:30,phone:ph20,phone:ph02,355,NOI-63,35672000026449
2026-03-17T18:52:51+05:30,phone:ph02,phone:ph20,140,GZP-09,35670200026215
2026-05-02T04:09:40+05:30,phone:ph04,phone:ph02,592,AZD-12,35670400026241
2026-04-07T14:28:29+05:30,phone:ph04,phone:ph21,531,OKH-04,35670400026241
2026-02-02T20:02:21+05:30,phone:ph04,phone:ph02,193,UDY-01,35670400026241
2026-05-17T21:00:54+05:30,phone:ph06,phone:ph10,439,UDY-01,35670600026267
2026-02-18T04:05:56+05:30,phone:ph06,phone:ph10,20,NOI-63,35670600026267
2026-05-11T06:05:12+05:30,phone:ph02,phone:ph04,178,KRB-08,35670200026215
2026-03-05T20:51:28+05:30,phone:ph09,phone:ph08,255,KRB-08,35670900026306
2026-06-09T04:53:12+05:30,phone:ph08,phone:ph06,468,SBR-02,35670800026293
2026-05-26T14:03:34+05:30,phone:ph21,phone:ph20,98,KRB-08,35672100026462
2026-05-17T14:18:49+05:30,phone:ph21,phone:ph02,413,KRB-08,35672100026462
2026-02-23T18:19:55+05:30,phone:ph04,phone:ph02,88,KRB-08,35670400026241
2026-04-28T16:18:13+05:30,phone:ph04,phone:ph20,112,NOI-63,35670400026241
2026-06-03T19:43:39+05:30,phone:ph08,phone:ph07,578,NOI-63,35670800026293
2026-06-10T18:45:11+05:30,phone:ph02,phone:ph20,394,GZP-09,35670200026215
2026-05-12T22:35:12+05:30,phone:ph34,phone:ph36,432,UDY-01,35673400026631
2026-03-14T14:21:10+05:30,phone:ph04,phone:ph31,569,DWK-21,35670400026241
2026-03-29T20:26:30+05:30,phone:ph13,phone:ph15,265,UDY-01,35671300026358
2026-01-07T19:53:17+05:30,phone:ph04,phone:ph21,262,UDY-01,35670400026241
2026-06-10T18:04:09+05:30,phone:ph21,phone:ph20,171,DWK-21,35672100026462
2026-03-15T21:11:23+05:30,phone:ph17,phone:ph19,111,DWK-21,35671700026410
2026-03-20T15:00:46+05:30,phone:ph09,phone:ph07,99,SBR-02,35670900026306
2026-05-05T18:45:28+05:30,phone:ph24,phone:ph34,392,NOI-63,35672400026501
2026-05-15T14:26:07+05:30,phone:ph26,phone:ph28,290,NOI-63,35672600026527
2026-02-21T23:25:14+05:30,phone:ph19,phone:ph02,407,OKH-04,35671900026436
2026-02-25T23:15:23+05:30,phone:ph12,phone:ph29,363,GZP-09,35671200026345
2026-02-02T20:15:07+05:30,phone:ph09,phone:ph10,284,KRB-08,35670900026306
2026-01-26T22:16:25+05:30,phone:ph16,phone:ph04,58,NOI-63,35671600026397
2026-01-12T04:08:16+05:30,phone:ph02,phone:ph04,550,GZP-09,35670200026215
2026-03-31T06:06:45+05:30,phone:ph09,phone:ph10,274,AZD-12,35670900026306
2026-05-23T20:53:20+05:30,phone:ph12,phone:ph17,550,KRB-08,35671200026345
2026-03-08T04:55:48+05:30,phone:ph19,phone:ph25,522,UDY-01,35671900026436
2026-06-14T23:17:32+05:30,phone:ph04,phone:ph21,356,GZP-09,35670400026241
2026-05-27T00:06:25+05:30,phone:ph04,phone:ph20,571,OKH-04,35670400026241
2026-05-08T18:57:06+05:30,phone:ph39,phone:ph02,62,UDY-01,35673900026696
2026-01-28T03:35:21+05:30,phone:ph08,phone:ph10,272,NOI-63,35670800026293
2026-02-28T18:05:29+05:30,phone:ph19,phone:ph35,349,KRB-08,35671900026436
2026-02-09T19:51:09+05:30,phone:ph04,phone:ph21,80,UDY-01,35670400026241
2026-01-28T19:49:33+05:30,phone:ph07,phone:ph08,385,KRB-08,35670700026280
2026-01-15T20:42:31+05:30,phone:ph09,phone:ph30,431,KRB-08,35670900026306
2026-04-04T20:30:03+05:30,phone:ph18,phone:ph06,297,AZD-12,35671800026423
2026-05-30T02:34:01+05:30,phone:ph32,phone:ph05,75,AZD-12,35673200026605
2026-01-06T18:31:12+05:30,phone:ph19,phone:ph37,460,UDY-01,35671900026436
2026-05-21T18:36:35+05:30,phone:ph04,phone:ph02,211,NOI-63,35670400026241
2026-04-25T00:13:03+05:30,phone:ph04,phone:ph21,460,KRB-08,35670400026241
2026-04-16T16:09:38+05:30,phone:ph06,phone:ph11,420,SBR-02,35670600026267
2026-01-27T22:08:57+05:30,phone:ph08,phone:ph10,490,OKH-04,35670800026293
2026-02-22T01:00:31+05:30,phone:ph21,phone:ph02,35,OKH-04,35672100026462
2026-04-04T03:05:51+05:30,phone:ph20,phone:ph02,132,NOI-63,35672000026449
2026-01-07T04:52:54+05:30,phone:ph09,phone:ph06,485,KRB-08,35670900026306
2026-01-12T16:29:31+05:30,phone:ph20,phone:ph04,586,KRB-08,35672000026449
2026-03-09T22:33:59+05:30,phone:ph04,phone:ph21,160,NOI-63,35670400026241
2026-02-09T15:54:27+05:30,phone:ph04,phone:ph21,93,OKH-04,35670400026241
2026-03-23T14:10:23+05:30,phone:ph11,phone:ph06,385,OKH-04,35671100026332
2026-02-24T18:02:44+05:30,phone:ph09,phone:ph07,252,OKH-04,35670900026306
2026-04-17T15:05:30+05:30,phone:ph04,phone:ph21,43,SBR-02,35670400026241
2026-05-21T06:58:30+05:30,phone:ph02,phone:ph20,103,NOI-63,35670200026215
2026-01-17T16:03:29+05:30,phone:ph20,phone:ph21,284,KRB-08,35672000026449
2026-03-22T14:35:05+05:30,phone:ph37,phone:ph02,570,KRB-08,35673700026670
2026-03-23T20:43:46+05:30,phone:ph34,phone:ph03,555,NOI-63,35673400026631
2026-05-30T03:43:54+05:30,phone:ph08,phone:ph11,160,UDY-01,35670800026293
2026-04-30T17:36:05+05:30,phone:ph09,phone:ph08,41,AZD-12,35670900026306
2026-04-26T23:34:00+05:30,phone:ph02,phone:ph20,199,OKH-04,35670200026215
2026-03-29T20:12:26+05:30,phone:ph19,phone:ph01,447,NOI-63,35671900026436
2026-05-18T18:02:44+05:30,phone:ph07,phone:ph11,93,UDY-01,35670700026280
2026-02-16T05:05:13+05:30,phone:ph02,phone:ph21,44,DWK-21,35670200026215
2026-06-12T23:52:58+05:30,phone:ph09,phone:ph08,459,GZP-09,35670900026306
2026-05-28T19:39:18+05:30,phone:ph08,phone:ph11,249,NOI-63,35670800026293
2026-02-01T00:59:16+05:30,phone:ph13,phone:ph05,124,DWK-21,35671300026358
2026-06-13T16:32:55+05:30,phone:ph22,phone:ph29,17,KRB-08,35672200026475
2026-02-17T15:31:42+05:30,phone:ph04,phone:ph02,29,AZD-12,35670400026241
2026-01-19T22:45:03+05:30,phone:ph02,phone:ph21,458,OKH-04,35670200026215
2026-05-21T16:53:03+05:30,phone:ph08,phone:ph11,235,KRB-08,35670800026293
2026-02-06T19:51:58+05:30,phone:ph21,phone:ph02,544,GZP-09,35672100026462
2026-04-19T21:41:23+05:30,phone:ph06,phone:ph09,113,OKH-04,35670600026267
2026-01-17T23:29:35+05:30,phone:ph04,phone:ph02,588,OKH-04,35670400026241
2026-04-22T23:06:58+05:30,phone:ph08,phone:ph10,15,NOI-63,35670800026293
2026-03-24T15:33:37+05:30,phone:ph08,phone:ph11,564,DWK-21,35670800026293
2026-06-02T03:42:12+05:30,phone:ph28,phone:ph22,551,AZD-12,35672800026553
2026-01-10T21:49:39+05:30,phone:ph28,phone:ph08,262,GZP-09,35672800026553
2026-04-04T16:48:21+05:30,phone:ph08,phone:ph06,598,NOI-63,35670800026293
2026-05-29T01:31:39+05:30,phone:ph10,phone:ph11,439,KRB-08,35671000026319
2026-01-24T00:56:25+05:30,phone:ph02,phone:ph33,246,DWK-21,35670200026215
2026-06-10T03:30:42+05:30,phone:ph04,phone:ph21,352,SBR-02,35670400026241
2026-01-13T22:52:13+05:30,phone:ph13,phone:ph03,426,KRB-08,35671300026358
2026-06-09T17:41:07+05:30,phone:ph31,phone:ph20,574,NOI-63,35673100026592
2026-04-12T00:20:00+05:30,phone:ph07,phone:ph06,39,AZD-12,35670700026280
2026-03-28T18:37:53+05:30,phone:ph07,phone:ph05,69,DWK-21,35670700026280
2026-01-13T23:06:46+05:30,phone:ph08,phone:ph11,406,GZP-09,35670800026293
2026-02-02T19:04:12+05:30,phone:ph02,phone:ph20,279,AZD-12,35670200026215
2026-03-31T02:08:10+05:30,phone:ph04,phone:ph21,99,NOI-63,35670400026241
2026-03-11T14:52:51+05:30,phone:ph04,phone:ph29,191,DWK-21,35670400026241
2026-05-20T05:32:24+05:30,phone:ph06,phone:ph11,219,KRB-08,35670600026267
2026-04-02T21:40:52+05:30,phone:ph12,phone:ph37,127,SBR-02,35671200026345
2026-03-23T06:19:39+05:30,phone:ph07,phone:ph08,535,DWK-21,35670700026280
2026-06-03T14:26:07+05:30,phone:ph03,phone:ph27,352,KRB-08,35670300026228
2026-06-08T00:33:37+05:30,phone:ph14,phone:ph00,54,SBR-02,35671400026371
2026-03-02T00:32:05+05:30,phone:ph20,phone:ph02,15,NOI-63,35672000026449
2026-06-07T04:37:33+05:30,phone:ph06,phone:ph10,537,KRB-08,35670600026267
2026-01-06T05:06:42+05:30,phone:ph11,phone:ph07,214,AZD-12,35671100026332
2026-01-31T06:34:28+05:30,phone:ph02,phone:ph04,576,OKH-04,35670200026215
2026-03-16T04:50:47+05:30,phone:ph14,phone:ph21,323,AZD-12,35671400026371
2026-04-05T18:34:50+05:30,phone:ph02,phone:ph04,140,KRB-08,35670200026215
2026-01-26T20:23:37+05:30,phone:ph20,phone:ph02,239,GZP-09,35672000026449
2026-02-22T21:51:18+05:30,phone:ph06,phone:ph11,312,SBR-02,35670600026267
2026-06-10T16:01:21+05:30,phone:ph07,phone:ph10,584,OKH-04,35670700026280
2026-01-20T14:25:38+05:30,phone:ph02,phone:ph21,57,KRB-08,35670200026215
2026-01-06T15:50:52+05:30,phone:ph09,phone:ph06,395,KRB-08,35670900026306
2026-02-15T00:30:31+05:30,phone:ph06,phone:ph08,373,UDY-01,35670600026267
2026-06-01T01:43:07+05:30,phone:ph06,phone:ph09,171,NOI-63,35670600026267
2026-02-21T04:21:55+05:30,phone:ph09,phone:ph07,502,UDY-01,35670900026306
2026-06-04T00:23:05+05:30,phone:ph07,phone:ph11,285,UDY-01,35670700026280
2026-05-25T02:25:00+05:30,phone:ph06,phone:ph07,577,UDY-01,35670600026267
2026-04-19T14:09:28+05:30,phone:ph10,phone:ph11,370,KRB-08,35671000026319
2026-02-18T14:38:43+05:30,phone:ph03,phone:ph33,418,SBR-02,35670300026228
2026-04-29T05:26:04+05:30,phone:ph39,phone:ph25,86,UDY-01,35673900026696
2026-01-24T05:14:20+05:30,phone:ph10,phone:ph09,163,OKH-04,35671000026319
2026-05-11T18:53:28+05:30,phone:ph21,phone:ph04,229,UDY-01,35672100026462
2026-06-14T14:33:39+05:30,phone:ph06,phone:ph11,198,SBR-02,35670600026267
2026-04-15T04:22:32+05:30,phone:ph06,phone:ph27,576,OKH-04,35670600026267
2026-02-24T18:03:12+05:30,phone:ph07,phone:ph09,570,KRB-08,35670700026280
2026-02-14T01:55:18+05:30,phone:ph04,phone:ph20,269,OKH-04,35670400026241
2026-01-08T03:33:12+05:30,phone:ph04,phone:ph02,412,GZP-09,35670400026241
2026-06-10T03:48:24+05:30,phone:ph26,phone:ph17,289,NOI-63,35672600026527
2026-01-25T05:37:46+05:30,phone:ph06,phone:ph07,40,AZD-12,35670600026267
2026-06-10T04:31:50+05:30,phone:ph08,phone:ph09,455,UDY-01,35670800026293
2026-02-12T21:12:40+05:30,phone:ph06,phone:ph08,102,DWK-21,35670600026267
2026-01-22T00:07:51+05:30,phone:ph37,phone:ph28,240,UDY-01,35673700026670
2026-05-24T06:09:03+05:30,phone:ph02,phone:ph20,532,KRB-08,35670200026215
2026-03-16T23:54:15+05:30,phone:ph20,phone:ph02,177,GZP-09,35672000026449
2026-02-21T23:00:21+05:30,phone:ph29,phone:ph19,446,OKH-04,35672900026566
2026-02-19T16:32:20+05:30,phone:ph34,phone:ph04,39,OKH-04,35673400026631
2026-04-30T17:22:51+05:30,phone:ph04,phone:ph21,57,UDY-01,35670400026241
2026-01-22T02:29:40+05:30,phone:ph11,phone:ph07,15,OKH-04,35671100026332
2026-03-19T01:56:27+05:30,phone:ph27,phone:ph25,179,KRB-08,35672700026540
2026-06-02T14:48:09+05:30,phone:ph08,phone:ph10,134,NOI-63,35670800026293
2026-03-05T06:23:35+05:30,phone:ph04,phone:ph20,181,NOI-63,35670400026241
2026-01-11T19:40:40+05:30,phone:ph26,phone:ph27,397,NOI-63,35672600026527
2026-03-04T05:39:12+05:30,phone:ph35,phone:ph08,418,SBR-02,35673500026644
2026-02-16T01:45:16+05:30,phone:ph07,phone:ph11,511,KRB-08,35670700026280
2026-05-21T21:32:56+05:30,phone:ph18,phone:ph12,506,SBR-02,35671800026423
2026-04-05T03:04:09+05:30,phone:ph38,phone:ph32,25,AZD-12,35673800026683
2026-06-07T01:31:24+05:30,phone:ph08,phone:ph06,516,OKH-04,35670800026293
2026-03-12T01:14:31+05:30,phone:ph10,phone:ph11,351,AZD-12,35671000026319
2026-03-09T01:18:47+05:30,phone:ph02,phone:ph19,592,DWK-21,35670200026215
2026-01-22T02:25:31+05:30,phone:ph02,phone:ph04,289,UDY-01,35670200026215
2026-04-24T04:43:59+05:30,phone:ph10,phone:ph38,500,GZP-09,35671000026319
2026-02-24T00:34:50+05:30,phone:ph02,phone:ph20,234,DWK-21,35670200026215
2026-02-07T16:43:37+05:30,phone:ph10,phone:ph06,321,UDY-01,35671000026319
2026-03-26T04:58:27+05:30,phone:ph11,phone:ph37,291,DWK-21,35671100026332
2026-03-04T05:22:52+05:30,phone:ph29,phone:ph18,103,KRB-08,35672900026566
2026-03-16T02:46:39+05:30,phone:ph20,phone:ph21,158,AZD-12,35672000026449
2026-05-16T01:37:41+05:30,phone:ph02,phone:ph21,292,UDY-01,35670200026215
2026-03-15T01:39:52+05:30,phone:ph02,phone:ph04,185,GZP-09,35670200026215
2026-02-15T03:49:23+05:30,phone:ph13,phone:ph28,46,OKH-04,35671300026358
2026-03-25T17:06:42+05:30,phone:ph04,phone:ph21,239,AZD-12,35670400026241
2026-02-27T03:08:25+05:30,phone:ph09,phone:ph07,80,GZP-09,35670900026306
2026-05-14T04:24:38+05:30,phone:ph00,phone:ph31,369,AZD-12,35670000026189
2026-06-14T23:02:23+05:30,phone:ph27,phone:ph08,588,UDY-01,35672700026540
2026-05-13T17:36:03+05:30,phone:ph21,phone:ph02,554,OKH-04,35672100026462
2026-05-04T16:31:03+05:30,phone:ph27,phone:ph19,244,OKH-04,35672700026540
2026-03-08T17:25:30+05:30,phone:ph20,phone:ph04,149,KRB-08,35672000026449
2026-02-03T05:28:59+05:30,phone:ph39,phone:ph32,583,OKH-04,35673900026696
2026-01-22T04:44:41+05:30,phone:ph22,phone:ph33,312,SBR-02,35672200026475
2026-03-19T02:13:52+05:30,phone:ph29,phone:ph02,215,NOI-63,35672900026566
2026-04-24T16:58:59+05:30,phone:ph28,phone:ph24,191,AZD-12,35672800026553
2026-01-29T22:40:05+05:30,phone:ph11,phone:ph09,26,SBR-02,35671100026332
2026-05-08T06:18:18+05:30,phone:ph28,phone:ph19,128,NOI-63,35672800026553
2026-03-12T04:01:22+05:30,phone:ph06,phone:ph10,299,KRB-08,35670600026267
2026-03-23T17:03:49+05:30,phone:ph02,phone:ph20,379,DWK-21,35670200026215
2026-05-04T04:57:25+05:30,phone:ph06,phone:ph11,498,OKH-04,35670600026267
2026-06-04T21:57:49+05:30,phone:ph08,phone:ph09,436,SBR-02,35670800026293
2026-05-16T19:39:19+05:30,phone:ph21,phone:ph04,148,SBR-02,35672100026462
2026-02-14T04:37:00+05:30,phone:ph10,phone:ph19,30,KRB-08,35671000026319
2026-03-02T18:35:21+05:30,phone:ph08,phone:ph10,247,OKH-04,35670800026293
2026-04-16T04:28:30+05:30,phone:ph04,phone:ph02,496,UDY-01,35670400026241
2026-01-10T19:52:36+05:30,phone:ph04,phone:ph02,440,GZP-09,35670400026241
2026-05-29T15:40:33+05:30,phone:ph16,phone:ph04,394,AZD-12,35671600026397
2026-06-05T18:49:13+05:30,phone:ph39,phone:ph17,148,OKH-04,35673900026696
2026-04-25T02:11:41+05:30,phone:ph10,phone:ph08,124,AZD-12,35671000026319
2026-03-01T20:57:07+05:30,phone:ph10,phone:ph11,224,GZP-09,35671000026319
2026-06-13T23:40:35+05:30,phone:ph06,phone:ph11,402,GZP-09,35670600026267
2026-01-22T03:28:09+05:30,phone:ph02,phone:ph14,53,UDY-01,35670200026215
2026-05-23T19:42:46+05:30,phone:ph04,phone:ph02,480,OKH-04,35670400026241
2026-05-12T18:46:40+05:30,phone:ph07,phone:ph09,589,AZD-12,35670700026280
2026-01-11T15:13:55+05:30,phone:ph02,phone:ph04,372,AZD-12,35670200026215
2026-01-09T06:43:22+05:30,phone:ph04,phone:ph21,200,AZD-12,35670400026241
2026-06-02T01:37:38+05:30,phone:ph11,phone:ph09,572,GZP-09,35671100026332
2026-03-11T19:17:12+05:30,phone:ph20,phone:ph04,235,NOI-63,35672000026449
2026-06-05T14:07:04+05:30,phone:ph06,phone:ph09,109,OKH-04,35670600026267
2026-04-29T06:37:56+05:30,phone:ph02,phone:ph04,148,GZP-09,35670200026215
2026-06-02T02:20:20+05:30,phone:ph02,phone:ph04,175,UDY-01,35670200026215
2026-01-29T19:21:24+05:30,phone:ph21,phone:ph20,263,UDY-01,35672100026462
2026-05-25T03:20:41+05:30,phone:ph10,phone:ph09,425,DWK-21,35671000026319
2026-05-18T14:22:57+05:30,phone:ph02,phone:ph04,116,NOI-63,35670200026215
2026-02-19T02:30:33+05:30,phone:ph25,phone:ph11,27,SBR-02,35672500026514
2026-01-30T03:36:17+05:30,phone:ph09,phone:ph07,425,GZP-09,35670900026306
2026-04-16T21:29:54+05:30,phone:ph10,phone:ph06,326,AZD-12,35671000026319
2026-02-16T14:50:52+05:30,phone:ph04,phone:ph20,588,DWK-21,35670400026241
2026-03-08T06:14:23+05:30,phone:ph20,phone:ph04,598,SBR-02,35672000026449
2026-02-07T18:09:49+05:30,phone:ph08,phone:ph28,164,DWK-21,35670800026293
2026-03-26T02:45:34+05:30,phone:ph00,phone:ph12,136,GZP-09,35670000026189
2026-04-07T21:28:11+05:30,phone:ph10,phone:ph07,27,GZP-09,35671000026319
2026-01-09T06:38:47+05:30,phone:ph10,phone:ph09,54,SBR-02,35671000026319
2026-04-10T16:50:48+05:30,phone:ph30,phone:ph36,365,NOI-63,35673000026579
2026-02-02T15:38:50+05:30,phone:ph06,phone:ph09,552,NOI-63,35670600026267
2026-02-09T06:44:43+05:30,phone:ph04,phone:ph02,219,KRB-08,35670400026241
2026-03-20T19:11:20+05:30,phone:ph04,phone:ph20,441,KRB-08,35670400026241
2026-01-26T04:14:35+05:30,phone:ph30,phone:ph21,401,OKH-04,35673000026579
2026-02-05T18:03:33+05:30,phone:ph20,phone:ph02,346,AZD-12,35672000026449
2026-04-04T18:26:42+05:30,phone:ph06,phone:ph07,482,DWK-21,35670600026267
2026-01-09T04:31:17+05:30,phone:ph18,phone:ph35,371,OKH-04,35671800026423
2026-01-06T01:10:23+05:30,phone:ph26,phone:ph02,42,KRB-08,35672600026527
2026-06-06T05:15:15+05:30,phone:ph20,phone:ph04,81,OKH-04,35672000026449
2026-05-13T19:58:57+05:30,phone:ph19,phone:ph04,121,NOI-63,35671900026436
2026-01-14T17:39:04+05:30,phone:ph01,phone:ph02,174,SBR-02,35670100026202
2026-02-04T00:36:04+05:30,phone:ph08,phone:ph07,308,AZD-12,35670800026293
2026-03-05T14:51:50+05:30,phone:ph04,phone:ph21,532,KRB-08,35670400026241
2026-03-29T01:19:51+05:30,phone:ph11,phone:ph08,567,UDY-01,35671100026332
2026-05-22T04:21:39+05:30,phone:ph20,phone:ph04,527,OKH-04,35672000026449
2026-06-07T04:08:29+05:30,phone:ph04,phone:ph20,275,AZD-12,35670400026241
2026-02-16T19:05:13+05:30,phone:ph09,phone:ph10,89,SBR-02,35670900026306
2026-04-14T19:11:20+05:30,phone:ph13,phone:ph09,407,GZP-09,35671300026358
2026-06-05T19:48:26+05:30,phone:ph05,phone:ph38,93,DWK-21,35670500026254
2026-04-29T06:53:57+05:30,phone:ph11,phone:ph06,391,KRB-08,35671100026332
2026-02-04T21:11:34+05:30,phone:ph21,phone:ph20,155,SBR-02,35672100026462
2026-05-20T05:52:12+05:30,phone:ph09,phone:ph07,575,NOI-63,35670900026306
2026-06-07T00:05:17+05:30,phone:ph20,phone:ph04,128,NOI-63,35672000026449
2026-01-06T18:45:27+05:30,phone:ph06,phone:ph08,313,OKH-04,35670600026267
2026-04-30T05:16:34+05:30,phone:ph38,phone:ph36,356,GZP-09,35673800026683
2026-03-07T03:32:56+05:30,phone:ph04,phone:ph20,52,AZD-12,35670400026241
2026-01-20T00:01:56+05:30,phone:ph15,phone:ph27,138,UDY-01,35671500026384
2026-05-11T02:09:11+05:30,phone:ph11,phone:ph10,254,NOI-63,35671100026332
2026-05-03T22:04:55+05:30,phone:ph12,phone:ph39,154,KRB-08,35671200026345
2026-05-01T17:16:25+05:30,phone:ph08,phone:ph09,61,KRB-08,35670800026293
2026-05-28T23:55:00+05:30,phone:ph26,phone:ph32,258,OKH-04,35672600026527
2026-05-10T02:33:43+05:30,phone:ph36,phone:ph17,228,GZP-09,35673600026657
2026-03-09T22:51:14+05:30,phone:ph20,phone:ph02,470,KRB-08,35672000026449
2026-06-14T03:55:22+05:30,phone:ph09,phone:ph07,390,SBR-02,35670900026306
2026-04-07T18:58:57+05:30,phone:ph20,phone:ph04,440,AZD-12,35672000026449
2026-02-05T20:16:20+05:30,phone:ph03,phone:ph39,156,DWK-21,35670300026228
2026-02-25T17:01:52+05:30,phone:ph02,phone:ph20,483,NOI-63,35670200026215
2026-02-04T17:36:27+05:30,phone:ph04,phone:ph20,252,NOI-63,35670400026241
2026-01-24T15:20:38+05:30,phone:ph13,phone:ph29,457,KRB-08,35671300026358
2026-03-14T21:22:32+05:30,phone:ph02,phone:ph04,564,KRB-08,35670200026215
2026-01-23T19:52:08+05:30,phone:ph20,phone:ph18,127,UDY-01,35672000026449
2026-03-01T19:32:03+05:30,phone:ph06,phone:ph07,326,DWK-21,35670600026267
2026-02-02T22:45:03+05:30,phone:ph04,phone:ph21,29,KRB-08,35670400026241
2026-05-16T02:57:40+05:30,phone:ph20,phone:ph39,592,OKH-04,35672000026449
2026-02-06T17:10:12+05:30,phone:ph02,phone:ph21,178,OKH-04,35670200026215
2026-04-18T14:05:19+05:30,phone:ph13,phone:ph26,332,DWK-21,35671300026358
2026-04-26T14:04:45+05:30,phone:ph02,phone:ph04,301,KRB-08,35670200026215
2026-03-28T23:25:42+05:30,phone:ph33,phone:ph27,82,KRB-08,35673300026618
2026-03-30T16:38:54+05:30,phone:ph10,phone:ph09,52,DWK-21,35671000026319
2026-05-26T03:43:10+05:30,phone:ph10,phone:ph11,210,SBR-02,35671000026319
2026-01-24T18:59:23+05:30,phone:ph10,phone:ph06,464,UDY-01,35671000026319
2026-01-29T03:35:46+05:30,phone:ph33,phone:ph20,413,DWK-21,35673300026618
2026-02-06T06:12:33+05:30,phone:ph12,phone:ph07,147,GZP-09,35671200026345
2026-05-17T01:08:06+05:30,phone:ph13,phone:ph33,65,OKH-04,35671300026358
2026-06-06T16:53:09+05:30,phone:ph10,phone:ph06,535,DWK-21,35671000026319
2026-04-24T14:01:53+05:30,phone:ph02,phone:ph39,111,NOI-63,35670200026215
2026-04-10T16:40:00+05:30,phone:ph13,phone:ph30,589,DWK-21,35671300026358
2026-05-15T21:55:07+05:30,phone:ph02,phone:ph04,227,UDY-01,35670200026215
2026-02-25T14:29:45+05:30,phone:ph04,phone:ph20,58,AZD-12,35670400026241
2026-04-11T17:50:15+05:30,phone:ph11,phone:ph06,81,OKH-04,35671100026332
2026-04-18T23:12:55+05:30,phone:ph25,phone:ph36,516,NOI-63,35672500026514
2026-02-28T04:00:45+05:30,phone:ph39,phone:ph14,565,AZD-12,35673900026696
2026-06-09T21:07:03+05:30,phone:ph10,phone:ph08,426,DWK-21,35671000026319
2026-05-13T00:00:33+05:30,phone:ph18,phone:ph27,120,DWK-21,35671800026423
2026-04-17T03:32:06+05:30,phone:ph10,phone:ph09,22,SBR-02,35671000026319
2026-01-25T06:09:03+05:30,phone:ph21,phone:ph02,589,GZP-09,35672100026462
2026-04-02T15:54:05+05:30,phone:ph19,phone:ph12,328,NOI-63,35671900026436
2026-05-14T23:30:58+05:30,phone:ph08,phone:ph07,32,GZP-09,35670800026293
2026-01-22T15:02:23+05:30,phone:ph27,phone:ph11,135,GZP-09,35672700026540
2026-01-06T19:17:48+05:30,phone:ph12,phone:ph23,125,NOI-63,35671200026345
2026-06-01T00:37:04+05:30,phone:ph20,phone:ph04,488,SBR-02,35672000026449
2026-01-16T03:16:03+05:30,phone:ph21,phone:ph02,398,SBR-02,35672100026462
2026-03-29T21:39:29+05:30,phone:ph09,phone:ph10,105,UDY-01,35670900026306
2026-02-09T14:14:20+05:30,phone:ph21,phone:ph05,342,NOI-63,35672100026462
2026-02-16T23:25:18+05:30,phone:ph08,phone:ph00,420,SBR-02,35670800026293
2026-01-08T00:10:11+05:30,phone:ph03,phone:ph08,356,SBR-02,35670300026228
2026-02-20T00:45:40+05:30,phone:ph08,phone:ph09,441,SBR-02,35670800026293
2026-02-04T20:54:05+05:30,phone:ph13,phone:ph33,252,AZD-12,35671300026358
2026-02-21T14:12:09+05:30,phone:ph03,phone:ph04,131,DWK-21,35670300026228
2026-05-28T14:13:17+05:30,phone:ph21,phone:ph04,331,GZP-09,35672100026462
2026-02-14T20:05:03+05:30,phone:ph02,phone:ph04,481,NOI-63,35670200026215
2026-02-07T01:50:36+05:30,phone:ph20,phone:ph02,31,KRB-08,35672000026449
2026-02-05T20:25:41+05:30,phone:ph02,phone:ph21,334,AZD-12,35670200026215
2026-05-19T21:30:14+05:30,phone:ph03,phone:ph28,198,SBR-02,35670300026228
2026-01-09T06:07:09+05:30,phone:ph02,phone:ph04,69,DWK-21,35670200026215
2026-04-27T06:30:46+05:30,phone:ph31,phone:ph30,94,SBR-02,35673100026592
2026-01-12T23:14:09+05:30,phone:ph04,phone:ph02,233,AZD-12,35670400026241
2026-01-14T02:20:03+05:30,phone:ph11,phone:ph06,264,OKH-04,35671100026332
2026-04-06T15:18:01+05:30,phone:ph09,phone:ph07,254,OKH-04,35670900026306
2026-04-23T21:27:15+05:30,phone:ph17,phone:ph06,430,UDY-01,35671700026410
2026-01-22T06:55:10+05:30,phone:ph11,phone:ph07,529,SBR-02,35671100026332
2026-03-04T19:41:40+05:30,phone:ph11,phone:ph10,224,SBR-02,35671100026332
2026-03-02T04:54:54+05:30,phone:ph04,phone:ph21,174,DWK-21,35670400026241
2026-01-07T23:25:46+05:30,phone:ph04,phone:ph21,449,NOI-63,35670400026241
2026-02-11T17:53:38+05:30,phone:ph09,phone:ph08,20,SBR-02,35670900026306
2026-06-07T06:04:15+05:30,phone:ph07,phone:ph09,568,KRB-08,35670700026280
2026-04-28T22:50:01+05:30,phone:ph20,phone:ph04,106,OKH-04,35672000026449
2026-02-21T23:13:38+05:30,phone:ph23,phone:ph06,534,DWK-21,35672300026488
2026-04-04T04:43:28+05:30,phone:ph27,phone:ph21,540,SBR-02,35672700026540
2026-04-14T23:34:20+05:30,phone:ph08,phone:ph04,38,NOI-63,35670800026293
2026-04-25T23:15:35+05:30,phone:ph06,phone:ph24,90,KRB-08,35670600026267
2026-06-06T16:39:27+05:30,phone:ph21,phone:ph04,387,UDY-01,35672100026462
2026-01-31T18:56:25+05:30,phone:ph32,phone:ph39,574,AZD-12,35673200026605
2026-05-19T00:16:04+05:30,phone:ph04,phone:ph21,119,NOI-63,35670400026241
2026-06-06T19:31:01+05:30,phone:ph02,phone:ph34,489,OKH-04,35670200026215
2026-03-30T22:18:16+05:30,phone:ph04,phone:ph21,11,UDY-01,35670400026241
2026-02-21T03:10:15+05:30,phone:ph01,phone:ph18,78,GZP-09,35670100026202
2026-02-16T04:40:37+05:30,phone:ph25,phone:ph06,424,OKH-04,35672500026514
2026-06-08T17:51:15+05:30,phone:ph17,phone:ph21,57,GZP-09,35671700026410
2026-05-27T20:20:31+05:30,phone:ph04,phone:ph20,205,UDY-01,35670400026241
2026-03-13T14:03:40+05:30,phone:ph28,phone:ph14,299,DWK-21,35672800026553
2026-02-05T19:52:27+05:30,phone:ph07,phone:ph08,109,DWK-21,35670700026280
2026-04-09T19:22:23+05:30,phone:ph07,phone:ph08,580,KRB-08,35670700026280
2026-06-12T18:24:51+05:30,phone:ph10,phone:ph06,215,UDY-01,35671000026319
2026-05-18T14:37:38+05:30,phone:ph04,phone:ph20,323,DWK-21,35670400026241
2026-05-28T03:57:13+05:30,phone:ph14,phone:ph26,42,UDY-01,35671400026371
2026-05-21T01:12:00+05:30,phone:ph34,phone:ph26,305,DWK-21,35673400026631
2026-06-02T04:07:41+05:30,phone:ph08,phone:ph06,52,GZP-09,35670800026293
2026-01-28T21:25:04+05:30,phone:ph09,phone:ph11,9,AZD-12,35670900026306
2026-03-24T00:08:44+05:30,phone:ph20,phone:ph04,461,GZP-09,35672000026449
2026-04-20T17:31:45+05:30,phone:ph07,phone:ph11,493,DWK-21,35670700026280
2026-03-04T18:02:50+05:30,phone:ph20,phone:ph04,33,KRB-08,35672000026449
2026-03-15T03:38:34+05:30,phone:ph29,phone:ph34,208,UDY-01,35672900026566
2026-06-10T03:30:27+05:30,phone:ph11,phone:ph09,315,GZP-09,35671100026332
2026-06-04T00:03:07+05:30,phone:ph06,phone:ph09,561,UDY-01,35670600026267
2026-04-17T23:53:28+05:30,phone:ph22,phone:ph10,588,DWK-21,35672200026475
2026-03-01T22:24:49+05:30,phone:ph08,phone:ph06,43,NOI-63,35670800026293
2026-04-29T21:26:56+05:30,phone:ph06,phone:ph09,171,UDY-01,35670600026267
2026-05-09T22:09:45+05:30,phone:ph09,phone:ph07,44,DWK-21,35670900026306
2026-03-25T01:12:48+05:30,phone:ph21,phone:ph04,380,OKH-04,35672100026462
2026-01-05T15:43:50+05:30,phone:ph02,phone:ph21,177,SBR-02,35670200026215
2026-02-21T21:28:35+05:30,phone:ph11,phone:ph00,71,OKH-04,35671100026332
2026-02-03T03:06:05+05:30,phone:ph02,phone:ph20,26,OKH-04,35670200026215
2026-06-13T02:13:24+05:30,phone:ph08,phone:ph11,376,GZP-09,35670800026293
2026-02-15T23:54:15+05:30,phone:ph07,phone:ph10,507,GZP-09,35670700026280
2026-03-14T17:54:33+05:30,phone:ph33,phone:ph39,301,NOI-63,35673300026618
2026-03-05T05:18:37+05:30,phone:ph22,phone:ph12,497,DWK-21,35672200026475
2026-05-18T01:48:40+05:30,phone:ph33,phone:ph36,70,GZP-09,35673300026618
2026-04-01T19:21:20+05:30,phone:ph27,phone:ph13,364,DWK-21,35672700026540
2026-05-03T15:06:50+05:30,phone:ph11,phone:ph19,114,OKH-04,35671100026332
2026-05-02T00:43:31+05:30,phone:ph08,phone:ph11,486,GZP-09,35670800026293
2026-01-17T04:38:04+05:30,phone:ph04,phone:ph21,333,KRB-08,35670400026241
2026-04-24T05:21:04+05:30,phone:ph08,phone:ph10,288,NOI-63,35670800026293
2026-02-04T06:07:49+05:30,phone:ph08,phone:ph06,172,OKH-04,35670800026293
2026-02-23T19:47:51+05:30,phone:ph20,phone:ph21,204,UDY-01,35672000026449
2026-03-24T03:26:22+05:30,phone:ph04,phone:ph20,176,KRB-08,35670400026241
2026-04-15T04:16:56+05:30,phone:ph02,phone:ph04,258,KRB-08,35670200026215
2026-02-04T21:59:36+05:30,phone:ph18,phone:ph33,165,SBR-02,35671800026423
2026-03-08T21:30:44+05:30,phone:ph10,phone:ph07,233,DWK-21,35671000026319
2026-04-15T16:19:14+05:30,phone:ph08,phone:ph10,15,UDY-01,35670800026293
2026-05-29T01:33:53+05:30,phone:ph02,phone:ph20,330,NOI-63,35670200026215
2026-03-05T01:57:23+05:30,phone:ph01,phone:ph14,519,GZP-09,35670100026202
2026-02-25T02:10:32+05:30,phone:ph09,phone:ph07,206,OKH-04,35670900026306
2026-02-03T14:55:41+05:30,phone:ph10,phone:ph25,213,KRB-08,35671000026319
2026-02-26T00:15:40+05:30,phone:ph26,phone:ph06,372,UDY-01,35672600026527
2026-04-15T17:11:57+05:30,phone:ph10,phone:ph09,424,SBR-02,35671000026319
2026-04-18T01:14:07+05:30,phone:ph02,phone:ph21,541,DWK-21,35670200026215
2026-03-07T14:59:29+05:30,phone:ph04,phone:ph02,549,GZP-09,35670400026241
2026-05-24T21:56:26+05:30,phone:ph21,phone:ph04,533,SBR-02,35672100026462
2026-01-24T23:18:13+05:30,phone:ph36,phone:ph20,419,GZP-09,35673600026657
2026-05-17T02:09:00+05:30,phone:ph20,phone:ph04,62,SBR-02,35672000026449
2026-01-23T01:07:51+05:30,phone:ph03,phone:ph00,136,GZP-09,35670300026228
2026-04-25T01:25:31+05:30,phone:ph27,phone:ph18,498,GZP-09,35672700026540
2026-04-26T00:00:05+05:30,phone:ph04,phone:ph02,431,UDY-01,35670400026241
2026-02-26T00:06:20+05:30,phone:ph02,phone:ph04,45,AZD-12,35670200026215
2026-05-06T03:14:01+05:30,phone:ph21,phone:ph16,445,OKH-04,35672100026462
2026-04-27T19:21:08+05:30,phone:ph02,phone:ph04,34,GZP-09,35670200026215
2026-06-12T21:15:45+05:30,phone:ph20,phone:ph04,365,AZD-12,35672000026449
2026-03-08T02:31:29+05:30,phone:ph39,phone:ph12,60,KRB-08,35673900026696
2026-04-10T02:22:10+05:30,phone:ph21,phone:ph38,397,UDY-01,35672100026462
2026-02-16T14:21:05+05:30,phone:ph07,phone:ph27,142,DWK-21,35670700026280
2026-05-14T18:03:53+05:30,phone:ph02,phone:ph21,457,GZP-09,35670200026215
2026-01-25T02:08:55+05:30,phone:ph07,phone:ph10,340,SBR-02,35670700026280
2026-03-13T23:50:00+05:30,phone:ph04,phone:ph02,136,NOI-63,35670400026241
2026-03-10T16:28:13+05:30,phone:ph02,phone:ph04,516,UDY-01,35670200026215
2026-04-26T19:08:01+05:30,phone:ph02,phone:ph21,476,DWK-21,35670200026215
2026-04-01T02:59:11+05:30,phone:ph34,phone:ph33,452,NOI-63,35673400026631
2026-03-31T23:12:01+05:30,phone:ph10,phone:ph11,477,UDY-01,35671000026319
2026-02-13T17:02:08+05:30,phone:ph17,phone:ph16,468,DWK-21,35671700026410
2026-03-09T02:37:25+05:30,phone:ph26,phone:ph08,480,DWK-21,35672600026527
2026-04-18T23:02:32+05:30,phone:ph07,phone:ph08,325,UDY-01,35670700026280
2026-02-07T15:43:28+05:30,phone:ph21,phone:ph02,56,GZP-09,35672100026462
2026-06-05T18:56:16+05:30,phone:ph02,phone:ph20,523,AZD-12,35670200026215
2026-03-14T15:05:56+05:30,phone:ph20,phone:ph04,576,UDY-01,35672000026449
2026-03-23T23:40:39+05:30,phone:ph09,phone:ph10,152,DWK-21,35670900026306
2026-01-18T16:41:35+05:30,phone:ph12,phone:ph35,503,SBR-02,35671200026345
2026-06-13T16:27:26+05:30,phone:ph35,phone:ph06,280,DWK-21,35673500026644
2026-04-07T00:52:26+05:30,phone:ph20,phone:ph04,520,AZD-12,35672000026449
2026-03-20T04:57:14+05:30,phone:ph04,phone:ph20,111,DWK-21,35670400026241
2026-06-01T06:43:40+05:30,phone:ph16,phone:ph30,370,NOI-63,35671600026397
2026-02-07T06:44:34+05:30,phone:ph08,phone:ph10,546,NOI-63,35670800026293
2026-01-23T03:05:08+05:30,phone:ph04,phone:ph20,274,AZD-12,35670400026241
2026-04-18T02:36:02+05:30,phone:ph27,phone:ph30,588,SBR-02,35672700026540
2026-06-01T17:57:14+05:30,phone:ph04,phone:ph02,533,OKH-04,35670400026241
2026-02-06T02:46:10+05:30,phone:ph20,phone:ph02,288,KRB-08,35672000026449
2026-01-16T20:04:35+05:30,phone:ph02,phone:ph04,143,DWK-21,35670200026215
2026-01-23T19:12:16+05:30,phone:ph11,phone:ph06,91,DWK-21,35671100026332
2026-01-31T20:28:51+05:30,phone:ph16,phone:ph04,359,UDY-01,35671600026397
2026-01-21T20:13:15+05:30,phone:ph07,phone:ph10,83,KRB-08,35670700026280
2026-05-12T21:41:06+05:30,phone:ph10,phone:ph37,276,DWK-21,35671000026319
2026-02-13T23:09:06+05:30,phone:ph21,phone:ph04,94,NOI-63,35672100026462
2026-04-15T19:39:23+05:30,phone:ph07,phone:ph09,223,OKH-04,35670700026280
2026-05-14T23:21:25+05:30,phone:ph11,phone:ph07,262,OKH-04,35671100026332
2026-04-17T19:56:51+05:30,phone:ph02,phone:ph04,558,UDY-01,35670200026215
2026-01-15T05:54:50+05:30,phone:ph21,phone:ph04,501,NOI-63,35672100026462
2026-05-14T04:39:54+05:30,phone:ph11,phone:ph10,530,KRB-08,35671100026332
2026-04-21T00:29:51+05:30,phone:ph02,phone:ph04,525,GZP-09,35670200026215
2026-05-25T20:12:47+05:30,phone:ph01,phone:ph23,528,SBR-02,35670100026202
2026-04-10T18:39:04+05:30,phone:ph20,phone:ph21,43,UDY-01,35672000026449
2026-05-03T17:02:58+05:30,phone:ph04,phone:ph02,532,NOI-63,35670400026241
2026-01-31T02:16:36+05:30,phone:ph04,phone:ph20,488,OKH-04,35670400026241
2026-02-01T20:28:10+05:30,phone:ph10,phone:ph07,371,DWK-21,35671000026319
2026-06-13T22:33:24+05:30,phone:ph04,phone:ph02,304,UDY-01,35670400026241
2026-04-02T05:48:47+05:30,phone:ph32,phone:ph16,84,AZD-12,35673200026605
2026-01-12T22:43:10+05:30,phone:ph04,phone:ph20,399,AZD-12,35670400026241
2026-03-16T21:10:38+05:30,phone:ph11,phone:ph07,119,KRB-08,35671100026332
2026-03-15T00:45:45+05:30,phone:ph04,phone:ph20,370,GZP-09,35670400026241
2026-05-14T01:45:04+05:30,phone:ph04,phone:ph21,293,GZP-09,35670400026241
2026-01-26T02:29:15+05:30,phone:ph37,phone:ph14,247,NOI-63,35673700026670
2026-04-28T03:21:44+05:30,phone:ph20,phone:ph21,138,NOI-63,35672000026449
2026-04-25T19:24:09+05:30,phone:ph11,phone:ph09,250,DWK-21,35671100026332
2026-02-19T22:51:02+05:30,phone:ph17,phone:ph02,261,OKH-04,35671700026410
2026-05-17T02:05:01+05:30,phone:ph21,phone:ph00,133,UDY-01,35672100026462
2026-05-06T06:32:32+05:30,phone:ph18,phone:ph24,362,KRB-08,35671800026423
2026-04-14T23:15:13+05:30,phone:ph08,phone:ph10,121,NOI-63,35670800026293
2026-06-07T19:43:30+05:30,phone:ph11,phone:ph08,549,OKH-04,35671100026332
2026-01-22T00:31:49+05:30,phone:ph09,phone:ph10,362,GZP-09,35670900026306
2026-01-06T14:29:39+05:30,phone:ph20,phone:ph02,464,NOI-63,35672000026449
2026-01-08T22:04:52+05:30,phone:ph06,phone:ph08,134,DWK-21,35670600026267
2026-02-01T01:21:51+05:30,phone:ph07,phone:ph06,406,GZP-09,35670700026280
2026-03-07T03:09:03+05:30,phone:ph11,phone:ph10,329,DWK-21,35671100026332
2026-01-23T02:19:40+05:30,phone:ph03,phone:ph17,458,NOI-63,35670300026228
2026-03-10T04:04:09+05:30,phone:ph11,phone:ph09,136,SBR-02,35671100026332
2026-05-27T14:43:38+05:30,phone:ph28,phone:ph12,170,KRB-08,35672800026553
2026-05-02T06:00:31+05:30,phone:ph08,phone:ph09,446,NOI-63,35670800026293
2026-05-23T18:10:44+05:30,phone:ph07,phone:ph09,174,AZD-12,35670700026280
2026-06-02T14:21:35+05:30,phone:ph36,phone:ph03,462,UDY-01,35673600026657
2026-05-23T04:37:03+05:30,phone:ph11,phone:ph08,236,DWK-21,35671100026332
2026-01-13T16:38:44+05:30,phone:ph10,phone:ph29,20,GZP-09,35671000026319
2026-03-11T14:23:59+05:30,phone:ph23,phone:ph33,104,NOI-63,35672300026488
2026-02-21T21:35:30+05:30,phone:ph10,phone:ph09,441,NOI-63,35671000026319
2026-06-09T20:28:23+05:30,phone:ph04,phone:ph20,8,UDY-01,35670400026241
2026-01-19T05:46:04+05:30,phone:ph11,phone:ph10,171,GZP-09,35671100026332
2026-03-04T00:59:53+05:30,phone:ph10,phone:ph11,516,UDY-01,35671000026319
2026-04-20T00:39:20+05:30,phone:ph02,phone:ph21,186,GZP-09,35670200026215
2026-04-16T01:30:56+05:30,phone:ph14,phone:ph01,342,DWK-21,35671400026371
2026-02-18T16:49:43+05:30,phone:ph08,phone:ph25,227,NOI-63,35670800026293
2026-06-11T06:32:48+05:30,phone:ph21,phone:ph02,274,SBR-02,35672100026462
2026-03-13T16:46:01+05:30,phone:ph10,phone:ph11,187,UDY-01,35671000026319
2026-05-02T19:03:21+05:30,phone:ph12,phone:ph34,222,KRB-08,35671200026345
2026-02-09T21:35:53+05:30,phone:ph24,phone:ph11,123,SBR-02,35672400026501
2026-01-05T16:41:00+05:30,phone:ph08,phone:ph09,499,UDY-01,35670800026293
2026-05-15T16:32:09+05:30,phone:ph28,phone:ph33,114,AZD-12,35672800026553
2026-03-20T20:36:18+05:30,phone:ph36,phone:ph01,287,NOI-63,35673600026657
2026-01-11T00:00:42+05:30,phone:ph02,phone:ph04,506,SBR-02,35670200026215
2026-03-13T00:39:21+05:30,phone:ph38,phone:ph33,60,GZP-09,35673800026683
2026-01-21T01:50:38+05:30,phone:ph06,phone:ph08,598,GZP-09,35670600026267
2026-01-22T00:16:33+05:30,phone:ph04,phone:ph02,487,NOI-63,35670400026241
2026-04-26T14:54:25+05:30,phone:ph04,phone:ph02,172,OKH-04,35670400026241
2026-05-08T14:19:29+05:30,phone:ph19,phone:ph39,152,NOI-63,35671900026436
2026-04-05T05:52:38+05:30,phone:ph01,phone:ph28,440,UDY-01,35670100026202
2026-04-06T06:58:14+05:30,phone:ph27,phone:ph06,78,GZP-09,35672700026540
2026-04-21T05:00:11+05:30,phone:ph21,phone:ph04,11,DWK-21,35672100026462
2026-04-29T17:13:11+05:30,phone:ph08,phone:ph07,14,GZP-09,35670800026293
2026-06-07T16:01:17+05:30,phone:ph02,phone:ph04,218,KRB-08,35670200026215
2026-02-19T20:32:17+05:30,phone:ph03,phone:ph06,571,UDY-01,35670300026228
2026-02-19T15:06:03+05:30,phone:ph09,phone:ph06,104,KRB-08,35670900026306
2026-05-24T02:41:52+05:30,phone:ph09,phone:ph11,551,NOI-63,35670900026306
2026-04-16T02:23:22+05:30,phone:ph02,phone:ph20,179,KRB-08,35670200026215
2026-06-14T00:09:42+05:30,phone:ph06,phone:ph09,405,GZP-09,35670600026267
2026-04-29T17:30:53+05:30,phone:ph21,phone:ph02,37,NOI-63,35672100026462
2026-04-22T16:37:46+05:30,phone:ph14,phone:ph06,162,KRB-08,35671400026371
2026-02-27T04:38:02+05:30,phone:ph06,phone:ph08,143,GZP-09,35670600026267
2026-04-26T05:59:00+05:30,phone:ph02,phone:ph21,394,SBR-02,35670200026215
2026-06-04T02:26:37+05:30,phone:ph20,phone:ph04,460,SBR-02,35672000026449
2026-04-04T03:51:19+05:30,phone:ph07,phone:ph08,365,KRB-08,35670700026280
2026-03-18T06:55:17+05:30,phone:ph04,phone:ph02,78,OKH-04,35670400026241
2026-03-04T05:53:19+05:30,phone:ph06,phone:ph16,314,SBR-02,35670600026267
2026-05-14T06:26:44+05:30,phone:ph20,phone:ph02,300,DWK-21,35672000026449
2026-01-11T15:39:53+05:30,phone:ph07,phone:ph10,183,KRB-08,35670700026280
2026-01-29T19:00:43+05:30,phone:ph06,phone:ph09,75,SBR-02,35670600026267
2026-06-05T03:15:41+05:30,phone:ph38,phone:ph29,552,NOI-63,35673800026683
2026-05-10T15:02:29+05:30,phone:ph39,phone:ph32,480,NOI-63,35673900026696
2026-04-20T19:44:57+05:30,phone:ph02,phone:ph04,28,SBR-02,35670200026215
2026-04-26T19:40:22+05:30,phone:ph00,phone:ph38,414,OKH-04,35670000026189
2026-04-24T16:50:50+05:30,phone:ph04,phone:ph02,427,AZD-12,35670400026241
2026-04-30T02:02:44+05:30,phone:ph09,phone:ph08,47,AZD-12,35670900026306
2026-04-16T02:21:13+05:30,phone:ph01,phone:ph07,136,DWK-21,35670100026202
2026-05-26T14:53:26+05:30,phone:ph09,phone:ph07,595,NOI-63,35670900026306
2026-01-07T03:55:24+05:30,phone:ph06,phone:ph08,266,UDY-01,35670600026267
2026-03-07T03:02:34+05:30,phone:ph04,phone:ph20,532,SBR-02,35670400026241
2026-06-10T17:08:13+05:30,phone:ph11,phone:ph06,574,NOI-63,35671100026332
2026-05-07T21:54:26+05:30,phone:ph07,phone:ph10,41,GZP-09,35670700026280
2026-04-16T22:27:48+05:30,phone:ph06,phone:ph11,480,AZD-12,35670600026267
2026-03-19T21:49:18+05:30,phone:ph13,phone:ph01,487,GZP-09,35671300026358
2026-05-27T03:08:21+05:30,phone:ph21,phone:ph04,325,DWK-21,35672100026462
2026-04-02T00:03:01+05:30,phone:ph09,phone:ph10,508,NOI-63,35670900026306
2026-04-01T06:56:50+05:30,phone:ph07,phone:ph11,244,UDY-01,35670700026280
2026-02-13T19:55:04+05:30,phone:ph10,phone:ph06,311,GZP-09,35671000026319
2026-04-22T03:03:49+05:30,phone:ph15,phone:ph39,206,NOI-63,35671500026384
2026-02-02T23:06:20+05:30,phone:ph21,phone:ph04,514,GZP-09,35672100026462
2026-02-04T20:38:26+05:30,phone:ph09,phone:ph08,82,OKH-04,35670900026306
2026-04-03T04:17:09+05:30,phone:ph16,phone:ph13,101,KRB-08,35671600026397
2026-03-26T14:02:59+05:30,phone:ph10,phone:ph11,199,OKH-04,35671000026319
2026-01-27T15:43:19+05:30,phone:ph07,phone:ph05,567,NOI-63,35670700026280
2026-02-03T15:45:08+05:30,phone:ph11,phone:ph09,563,GZP-09,35671100026332
2026-02-03T23:44:22+05:30,phone:ph20,phone:ph21,405,SBR-02,35672000026449
2026-03-03T22:59:57+05:30,phone:ph03,phone:ph00,290,NOI-63,35670300026228
2026-03-04T06:03:40+05:30,phone:ph02,phone:ph21,180,AZD-12,35670200026215
2026-03-20T22:05:37+05:30,phone:ph02,phone:ph04,22,OKH-04,35670200026215
2026-03-17T04:13:42+05:30,phone:ph02,phone:ph13,24,OKH-04,35670200026215
2026-02-20T19:14:23+05:30,phone:ph09,phone:ph07,286,SBR-02,35670900026306
2026-05-17T03:24:13+05:30,phone:ph02,phone:ph20,411,GZP-09,35670200026215
2026-03-25T04:48:53+05:30,phone:ph09,phone:ph10,94,SBR-02,35670900026306
2026-05-04T02:53:04+05:30,phone:ph06,phone:ph20,469,KRB-08,35670600026267
2026-02-08T00:35:21+05:30,phone:ph09,phone:ph11,168,AZD-12,35670900026306
2026-04-12T14:57:44+05:30,phone:ph20,phone:ph02,297,AZD-12,35672000026449
2026-05-20T03:47:40+05:30,phone:ph21,phone:ph04,125,AZD-12,35672100026462
2026-01-08T01:44:30+05:30,phone:ph09,phone:ph23,274,KRB-08,35670900026306
2026-03-10T02:38:31+05:30,phone:ph10,phone:ph06,117,UDY-01,35671000026319
2026-01-17T03:49:29+05:30,phone:ph20,phone:ph04,274,SBR-02,35672000026449
2026-03-20T19:01:13+05:30,phone:ph20,phone:ph21,507,UDY-01,35672000026449
2026-01-20T14:12:44+05:30,phone:ph05,phone:ph23,316,OKH-04,35670500026254
2026-06-06T19:08:14+05:30,phone:ph21,phone:ph02,298,DWK-21,35672100026462
2026-01-26T17:02:13+05:30,phone:ph11,phone:ph21,202,KRB-08,35671100026332
2026-01-20T03:12:59+05:30,phone:ph08,phone:ph07,48,UDY-01,35670800026293
2026-03-06T20:39:19+05:30,phone:ph21,phone:ph04,310,KRB-08,35672100026462
2026-02-08T22:51:54+05:30,phone:ph07,phone:ph09,254,AZD-12,35670700026280
2026-05-15T23:14:22+05:30,phone:ph29,phone:ph21,332,AZD-12,35672900026566
2026-01-15T03:27:51+05:30,phone:ph07,phone:ph10,363,UDY-01,35670700026280
2026-03-22T04:02:34+05:30,phone:ph02,phone:ph04,203,OKH-04,35670200026215
2026-03-15T19:21:57+05:30,phone:ph02,phone:ph21,249,SBR-02,35670200026215
2026-05-18T03:29:43+05:30,phone:ph10,phone:ph06,272,DWK-21,35671000026319
2026-01-07T04:19:34+05:30,phone:ph15,phone:ph09,418,OKH-04,35671500026384
2026-01-25T01:14:43+05:30,phone:ph06,phone:ph07,424,NOI-63,35670600026267
2026-04-27T04:59:50+05:30,phone:ph11,phone:ph09,231,UDY-01,35671100026332
2026-02-03T22:58:11+05:30,phone:ph21,phone:ph04,589,GZP-09,35672100026462
2026-04-28T03:15:49+05:30,phone:ph06,phone:ph13,141,DWK-21,35670600026267
2026-04-22T21:34:46+05:30,phone:ph10,phone:ph33,88,AZD-12,35671000026319
2026-04-29T19:35:44+05:30,phone:ph25,phone:ph36,446,KRB-08,35672500026514
2026-03-03T17:27:55+05:30,phone:ph17,phone:ph14,154,DWK-21,35671700026410
2026-01-09T06:32:12+05:30,phone:ph11,phone:ph09,333,KRB-08,35671100026332
2026-03-16T01:07:56+05:30,phone:ph06,phone:ph02,66,UDY-01,35670600026267
2026-02-08T01:34:41+05:30,phone:ph02,phone:ph20,12,KRB-08,35670200026215
2026-01-16T02:32:21+05:30,phone:ph26,phone:ph02,429,AZD-12,35672600026527
2026-04-13T01:31:55+05:30,phone:ph37,phone:ph06,154,NOI-63,35673700026670
2026-05-07T02:58:47+05:30,phone:ph08,phone:ph07,323,NOI-63,35670800026293
2026-06-03T20:59:56+05:30,phone:ph06,phone:ph11,36,SBR-02,35670600026267
2026-06-08T22:08:14+05:30,phone:ph38,phone:ph20,334,SBR-02,35673800026683
2026-05-21T21:55:49+05:30,phone:ph10,phone:ph08,592,SBR-02,35671000026319
2026-01-17T20:55:42+05:30,phone:ph11,phone:ph10,183,NOI-63,35671100026332
2026-05-20T23:02:57+05:30,phone:ph34,phone:ph17,166,GZP-09,35673400026631
2026-05-16T17:34:33+05:30,phone:ph20,phone:ph39,403,GZP-09,35672000026449
2026-01-28T00:38:26+05:30,phone:ph38,phone:ph29,202,NOI-63,35673800026683
2026-02-26T19:24:49+05:30,phone:ph02,phone:ph04,191,UDY-01,35670200026215
2026-04-18T06:35:33+05:30,phone:ph07,phone:ph21,429,DWK-21,35670700026280
2026-05-23T18:55:27+05:30,phone:ph21,phone:ph04,165,AZD-12,35672100026462
2026-05-23T00:50:35+05:30,phone:ph09,phone:ph07,541,KRB-08,35670900026306
2026-06-03T14:21:27+05:30,phone:ph20,phone:ph00,227,AZD-12,35672000026449
2026-05-15T19:49:48+05:30,phone:ph04,phone:ph20,197,AZD-12,35670400026241
2026-04-28T20:41:59+05:30,phone:ph09,phone:ph11,90,SBR-02,35670900026306
2026-03-16T02:18:29+05:30,phone:ph08,phone:ph07,79,AZD-12,35670800026293
2026-02-24T19:50:30+05:30,phone:ph16,phone:ph30,330,DWK-21,35671600026397
2026-04-19T03:39:20+05:30,phone:ph11,phone:ph08,91,SBR-02,35671100026332
2026-04-20T20:03:52+05:30,phone:ph27,phone:ph25,349,KRB-08,35672700026540
2026-04-16T06:36:00+05:30,phone:ph09,phone:ph06,437,UDY-01,35670900026306
2026-01-09T16:47:40+05:30,phone:ph07,phone:ph10,98,KRB-08,35670700026280
2026-03-08T17:34:41+05:30,phone:ph27,phone:ph26,21,OKH-04,35672700026540
2026-03-16T20:13:08+05:30,phone:ph07,phone:ph06,74,KRB-08,35670700026280
2026-02-12T04:33:15+05:30,phone:ph00,phone:ph33,584,DWK-21,35670000026189
2026-02-18T03:40:49+05:30,phone:ph10,phone:ph06,579,GZP-09,35671000026319
2026-04-10T23:05:17+05:30,phone:ph04,phone:ph02,472,GZP-09,35670400026241
2026-04-21T01:49:23+05:30,phone:ph04,phone:ph02,142,GZP-09,35670400026241
2026-05-11T23:15:28+05:30,phone:ph03,phone:ph39,189,NOI-63,35670300026228
2026-04-04T23:03:53+05:30,phone:ph07,phone:ph06,583,OKH-04,35670700026280
2026-04-26T17:40:15+05:30,phone:ph06,phone:ph11,249,GZP-09,35670600026267
2026-03-02T18:50:19+05:30,phone:ph01,phone:ph39,121,KRB-08,35670100026202
2026-04-08T15:07:16+05:30,phone:ph07,phone:ph28,114,SBR-02,35670700026280
2026-05-29T06:09:44+05:30,phone:ph21,phone:ph15,445,GZP-09,35672100026462
2026-04-01T20:18:56+05:30,phone:ph02,phone:ph04,253,KRB-08,35670200026215
2026-03-05T18:38:40+05:30,phone:ph14,phone:ph18,87,NOI-63,35671400026371
2026-02-10T19:13:07+05:30,phone:ph07,phone:ph06,439,AZD-12,35670700026280
2026-02-08T14:45:57+05:30,phone:ph32,phone:ph28,477,DWK-21,35673200026605
2026-05-23T23:06:35+05:30,phone:ph20,phone:ph04,576,SBR-02,35672000026449
2026-05-01T15:43:24+05:30,phone:ph02,phone:ph21,430,AZD-12,35670200026215
2026-04-01T17:08:34+05:30,phone:ph10,phone:ph07,167,NOI-63,35671000026319
2026-06-09T16:26:36+05:30,phone:ph21,phone:ph20,378,OKH-04,35672100026462
2026-04-06T02:34:17+05:30,phone:ph35,phone:ph02,475,KRB-08,35673500026644
2026-02-06T14:31:07+05:30,phone:ph13,phone:ph04,90,KRB-08,35671300026358
2026-05-14T05:07:05+05:30,phone:ph11,phone:ph09,468,NOI-63,35671100026332
2026-05-05T01:32:09+05:30,phone:ph21,phone:ph25,24,GZP-09,35672100026462
2026-01-17T20:32:35+05:30,phone:ph20,phone:ph04,102,OKH-04,35672000026449
2026-01-10T04:29:15+05:30,phone:ph20,phone:ph02,566,UDY-01,35672000026449
2026-01-29T19:44:56+05:30,phone:ph01,phone:ph28,349,OKH-04,35670100026202
2026-05-05T15:12:03+05:30,phone:ph11,phone:ph08,209,UDY-01,35671100026332
2026-02-06T19:11:21+05:30,phone:ph20,phone:ph04,152,OKH-04,35672000026449
2026-03-04T06:13:48+05:30,phone:ph07,phone:ph10,119,KRB-08,35670700026280
2026-04-13T06:22:52+05:30,phone:ph09,phone:ph18,549,KRB-08,35670900026306
2026-04-19T14:57:02+05:30,phone:ph11,phone:ph08,352,GZP-09,35671100026332
2026-06-04T04:40:08+05:30,phone:ph02,phone:ph20,537,GZP-09,35670200026215
2026-06-12T17:57:10+05:30,phone:ph11,phone:ph07,207,KRB-08,35671100026332
2026-02-02T02:50:54+05:30,phone:ph09,phone:ph11,391,NOI-63,35670900026306
2026-05-02T18:42:36+05:30,phone:ph10,phone:ph11,257,UDY-01,35671000026319
2026-04-14T22:14:19+05:30,phone:ph07,phone:ph10,479,NOI-63,35670700026280
2026-02-09T06:13:37+05:30,phone:ph16,phone:ph08,233,SBR-02,35671600026397
2026-06-01T23:10:16+05:30,phone:ph19,phone:ph37,553,UDY-01,35671900026436
2026-02-25T21:36:43+05:30,phone:ph12,phone:ph38,207,NOI-63,35671200026345
2026-03-30T19:28:10+05:30,phone:ph06,phone:ph10,155,SBR-02,35670600026267
2026-02-24T18:13:30+05:30,phone:ph23,phone:ph06,446,NOI-63,35672300026488
2026-05-29T18:47:52+05:30,phone:ph23,phone:ph33,256,UDY-01,35672300026488
2026-01-31T01:46:56+05:30,phone:ph05,phone:ph26,449,DWK-21,35670500026254
2026-06-12T20:49:12+05:30,phone:ph04,phone:ph20,289,GZP-09,35670400026241
2026-02-10T03:31:37+05:30,phone:ph04,phone:ph02,406,OKH-04,35670400026241
2026-03-26T22:27:49+05:30,phone:ph08,phone:ph06,450,NOI-63,35670800026293
2026-06-03T01:15:05+05:30,phone:ph07,phone:ph38,68,DWK-21,35670700026280
2026-03-24T19:45:27+05:30,phone:ph03,phone:ph15,291,GZP-09,35670300026228
2026-04-17T19:38:02+05:30,phone:ph04,phone:ph20,144,NOI-63,35670400026241
2026-06-02T06:52:25+05:30,phone:ph10,phone:ph35,596,SBR-02,35671000026319
2026-02-06T23:00:55+05:30,phone:ph06,phone:ph11,528,SBR-02,35670600026267
2026-02-17T19:55:43+05:30,phone:ph02,phone:ph20,372,UDY-01,35670200026215
2026-01-05T20:10:08+05:30,phone:ph04,phone:ph37,194,UDY-01,35670400026241
2026-05-21T21:38:58+05:30,phone:ph10,phone:ph08,327,DWK-21,35671000026319
2026-02-22T23:38:46+05:30,phone:ph04,phone:ph21,141,AZD-12,35670400026241
2026-02-15T21:32:24+05:30,phone:ph17,phone:ph29,313,NOI-63,35671700026410
2026-04-27T02:08:49+05:30,phone:ph04,phone:ph20,82,AZD-12,35670400026241
2026-01-30T21:51:13+05:30,phone:ph07,phone:ph10,144,KRB-08,35670700026280
2026-01-12T00:50:45+05:30,phone:ph04,phone:ph20,339,KRB-08,35670400026241
2026-04-30T04:41:16+05:30,phone:ph20,phone:ph04,478,KRB-08,35672000026449
2026-01-10T22:40:53+05:30,phone:ph10,phone:ph09,560,NOI-63,35671000026319
2026-05-30T22:33:23+05:30,phone:ph01,phone:ph09,100,NOI-63,35670100026202
2026-04-19T17:39:31+05:30,phone:ph32,phone:ph31,549,NOI-63,35673200026605
2026-04-19T22:25:45+05:30,phone:ph04,phone:ph20,255,KRB-08,35670400026241
2026-06-10T19:11:50+05:30,phone:ph21,phone:ph02,577,GZP-09,35672100026462
2026-03-17T03:07:30+05:30,phone:ph18,phone:ph04,62,OKH-04,35671800026423
2026-03-28T20:27:05+05:30,phone:ph11,phone:ph06,243,OKH-04,35671100026332
2026-06-02T15:07:14+05:30,phone:ph09,phone:ph39,438,KRB-08,35670900026306
2026-04-10T23:26:49+05:30,phone:ph06,phone:ph10,410,GZP-09,35670600026267
2026-04-29T21:30:16+05:30,phone:ph20,phone:ph04,588,OKH-04,35672000026449
2026-02-28T17:30:02+05:30,phone:ph16,phone:ph04,591,DWK-21,35671600026397
2026-05-22T00:38:04+05:30,phone:ph17,phone:ph05,501,NOI-63,35671700026410
2026-06-13T20:30:56+05:30,phone:ph30,phone:ph27,127,SBR-02,35673000026579
2026-02-18T17:01:26+05:30,phone:ph04,phone:ph21,562,SBR-02,35670400026241
2026-05-04T21:32:52+05:30,phone:ph05,phone:ph16,43,NOI-63,35670500026254
2026-02-16T16:48:29+05:30,phone:ph04,phone:ph02,22,GZP-09,35670400026241
2026-04-08T21:01:49+05:30,phone:ph02,phone:ph04,328,SBR-02,35670200026215
2026-02-02T00:38:29+05:30,phone:ph02,phone:ph21,422,KRB-08,35670200026215
2026-05-23T00:11:59+05:30,phone:ph09,phone:ph07,420,GZP-09,35670900026306
2026-02-01T01:52:18+05:30,phone:ph09,phone:ph28,154,SBR-02,35670900026306
2026-01-26T02:05:48+05:30,phone:ph34,phone:ph33,164,GZP-09,35673400026631
2026-04-29T17:47:16+05:30,phone:ph01,phone:ph34,189,UDY-01,35670100026202
2026-01-17T16:19:19+05:30,phone:ph09,phone:ph07,217,AZD-12,35670900026306
2026-03-28T02:52:10+05:30,phone:ph20,phone:ph04,235,NOI-63,35672000026449
2026-06-01T22:10:18+05:30,phone:ph31,phone:ph35,123,GZP-09,35673100026592
2026-03-29T03:11:25+05:30,phone:ph36,phone:ph04,397,UDY-01,35673600026657
2026-02-03T01:51:21+05:30,phone:ph10,phone:ph06,557,OKH-04,35671000026319
2026-01-16T18:44:39+05:30,phone:ph17,phone:ph25,249,SBR-02,35671700026410
2026-03-25T14:32:54+05:30,phone:ph04,phone:ph20,358,AZD-12,35670400026241
2026-03-28T04:24:28+05:30,phone:ph04,phone:ph02,391,SBR-02,35670400026241
2026-05-12T05:47:03+05:30,phone:ph07,phone:ph10,585,NOI-63,35670700026280
2026-05-10T23:20:01+05:30,phone:ph02,phone:ph04,54,SBR-02,35670200026215
2026-04-06T02:25:38+05:30,phone:ph21,phone:ph04,123,NOI-63,35672100026462
2026-06-06T23:18:02+05:30,phone:ph33,phone:ph14,325,UDY-01,35673300026618
2026-04-21T22:48:34+05:30,phone:ph20,phone:ph04,322,GZP-09,35672000026449
2026-03-17T21:39:31+05:30,phone:ph07,phone:ph06,513,GZP-09,35670700026280
2026-03-31T03:03:36+05:30,phone:ph08,phone:ph10,386,KRB-08,35670800026293
2026-05-27T03:04:58+05:30,phone:ph06,phone:ph08,308,OKH-04,35670600026267
2026-01-12T05:53:32+05:30,phone:ph04,phone:ph20,558,UDY-01,35670400026241
2026-04-17T03:38:17+05:30,phone:ph04,phone:ph21,470,GZP-09,35670400026241
2026-04-13T17:52:11+05:30,phone:ph04,phone:ph20,149,KRB-08,35670400026241
2026-06-04T02:37:27+05:30,phone:ph19,phone:ph08,21,AZD-12,35671900026436
2026-03-02T19:46:26+05:30,phone:ph20,phone:ph04,284,DWK-21,35672000026449
2026-01-31T04:39:12+05:30,phone:ph04,phone:ph02,414,NOI-63,35670400026241
2026-03-29T16:40:30+05:30,phone:ph21,phone:ph29,127,UDY-01,35672100026462
2026-05-08T16:28:27+05:30,phone:ph08,phone:ph10,360,DWK-21,35670800026293
2026-02-11T20:34:16+05:30,phone:ph02,phone:ph04,570,NOI-63,35670200026215
2026-02-14T16:43:25+05:30,phone:ph34,phone:ph08,279,AZD-12,35673400026631
2026-04-03T16:31:22+05:30,phone:ph10,phone:ph05,111,DWK-21,35671000026319
2026-04-19T14:08:35+05:30,phone:ph20,phone:ph21,41,NOI-63,35672000026449
2026-03-03T20:55:53+05:30,phone:ph08,phone:ph26,391,DWK-21,35670800026293
2026-04-21T00:35:52+05:30,phone:ph39,phone:ph12,502,AZD-12,35673900026696
2026-02-05T02:54:11+05:30,phone:ph06,phone:ph09,528,OKH-04,35670600026267
2026-05-09T03:58:07+05:30,phone:ph06,phone:ph08,413,GZP-09,35670600026267
2026-03-04T22:32:45+05:30,phone:ph11,phone:ph09,299,OKH-04,35671100026332
2026-03-26T16:53:58+05:30,phone:ph20,phone:ph04,401,DWK-21,35672000026449
2026-04-10T17:01:56+05:30,phone:ph07,phone:ph08,523,UDY-01,35670700026280
2026-04-19T21:27:33+05:30,phone:ph08,phone:ph07,137,OKH-04,35670800026293
2026-05-02T04:27:16+05:30,phone:ph06,phone:ph11,205,DWK-21,35670600026267
2026-06-03T23:57:31+05:30,phone:ph02,phone:ph04,14,GZP-09,35670200026215
2026-02-23T23:39:17+05:30,phone:ph18,phone:ph29,123,DWK-21,35671800026423
2026-02-02T03:25:41+05:30,phone:ph04,phone:ph21,485,OKH-04,35670400026241
2026-03-02T06:06:32+05:30,phone:ph04,phone:ph21,273,DWK-21,35670400026241
2026-05-11T16:40:38+05:30,phone:ph06,phone:ph16,389,DWK-21,35670600026267
2026-02-20T06:07:43+05:30,phone:ph21,phone:ph20,575,OKH-04,35672100026462
2026-02-06T21:32:53+05:30,phone:ph19,phone:ph14,421,DWK-21,35671900026436
2026-02-06T17:24:56+05:30,phone:ph21,phone:ph04,542,UDY-01,35672100026462
2026-04-12T14:57:36+05:30,phone:ph07,phone:ph10,540,SBR-02,35670700026280
2026-01-10T00:43:21+05:30,phone:ph25,phone:ph05,403,GZP-09,35672500026514
2026-02-23T05:15:07+05:30,phone:ph21,phone:ph04,528,DWK-21,35672100026462
2026-03-13T03:55:13+05:30,phone:ph00,phone:ph02,158,GZP-09,35670000026189
2026-04-15T19:42:55+05:30,phone:ph06,phone:ph08,22,SBR-02,35670600026267
2026-04-10T02:17:48+05:30,phone:ph21,phone:ph04,368,KRB-08,35672100026462
2026-02-07T02:00:49+05:30,phone:ph09,phone:ph17,152,AZD-12,35670900026306
2026-06-02T18:08:16+05:30,phone:ph08,phone:ph11,572,NOI-63,35670800026293
2026-05-15T00:41:54+05:30,phone:ph08,phone:ph09,497,UDY-01,35670800026293
2026-01-05T15:14:41+05:30,phone:ph21,phone:ph02,156,UDY-01,35672100026462
2026-04-02T00:38:07+05:30,phone:ph07,phone:ph10,466,UDY-01,35670700026280
2026-05-24T18:37:25+05:30,phone:ph06,phone:ph10,302,AZD-12,35670600026267
2026-01-17T00:46:18+05:30,phone:ph13,phone:ph07,421,UDY-01,35671300026358
2026-03-14T06:28:04+05:30,phone:ph21,phone:ph04,345,UDY-01,35672100026462
2026-03-12T17:12:30+05:30,phone:ph20,phone:ph21,70,DWK-21,35672000026449
2026-01-15T02:14:52+05:30,phone:ph08,phone:ph09,414,DWK-21,35670800026293
2026-05-17T04:19:20+05:30,phone:ph07,phone:ph08,70,KRB-08,35670700026280
2026-02-21T19:41:05+05:30,phone:ph02,phone:ph20,159,UDY-01,35670200026215
2026-05-01T23:49:36+05:30,phone:ph21,phone:ph02,580,GZP-09,35672100026462
2026-04-24T02:24:06+05:30,phone:ph04,phone:ph20,195,NOI-63,35670400026241
2026-05-29T00:56:50+05:30,phone:ph07,phone:ph10,22,UDY-01,35670700026280
2026-06-05T14:12:27+05:30,phone:ph06,phone:ph11,457,NOI-63,35670600026267
2026-01-23T17:53:00+05:30,phone:ph09,phone:ph08,369,GZP-09,35670900026306
2026-03-14T18:17:31+05:30,phone:ph38,phone:ph24,16,UDY-01,35673800026683
2026-05-04T20:20:41+05:30,phone:ph11,phone:ph08,139,GZP-09,35671100026332
2026-05-30T01:52:00+05:30,phone:ph08,phone:ph10,446,SBR-02,35670800026293
2026-01-30T19:11:36+05:30,phone:ph20,phone:ph21,293,AZD-12,35672000026449
2026-01-29T19:06:03+05:30,phone:ph20,phone:ph02,139,SBR-02,35672000026449
2026-04-22T23:33:47+05:30,phone:ph04,phone:ph20,366,OKH-04,35670400026241
2026-04-03T19:12:59+05:30,phone:ph06,phone:ph08,131,KRB-08,35670600026267
2026-03-01T01:54:49+05:30,phone:ph26,phone:ph04,240,AZD-12,35672600026527
2026-02-16T16:58:58+05:30,phone:ph17,phone:ph23,366,GZP-09,35671700026410
2026-03-28T22:41:56+05:30,phone:ph02,phone:ph04,312,DWK-21,35670200026215
2026-05-01T02:49:00+05:30,phone:ph10,phone:ph09,193,AZD-12,35671000026319
2026-01-12T03:54:30+05:30,phone:ph20,phone:ph04,99,KRB-08,35672000026449
2026-04-29T22:16:35+05:30,phone:ph21,phone:ph04,131,SBR-02,35672100026462
2026-01-27T17:18:50+05:30,phone:ph04,phone:ph21,351,GZP-09,35670400026241
2026-05-12T20:02:16+05:30,phone:ph08,phone:ph06,240,GZP-09,35670800026293
2026-05-30T05:06:13+05:30,phone:ph04,phone:ph02,564,NOI-63,35670400026241
2026-06-07T16:37:18+05:30,phone:ph21,phone:ph04,567,OKH-04,35672100026462
2026-05-14T18:14:15+05:30,phone:ph04,phone:ph00,516,AZD-12,35670400026241
2026-05-03T02:10:16+05:30,phone:ph04,phone:ph21,499,KRB-08,35670400026241
2026-03-29T01:54:54+05:30,phone:ph14,phone:ph37,384,UDY-01,35671400026371
2026-02-05T05:56:59+05:30,phone:ph32,phone:ph12,322,OKH-04,35673200026605
2026-04-01T06:34:52+05:30,phone:ph10,phone:ph07,530,DWK-21,35671000026319
2026-06-11T21:30:05+05:30,phone:ph23,phone:ph03,153,OKH-04,35672300026488
2026-06-06T03:02:15+05:30,phone:ph04,phone:ph20,256,DWK-21,35670400026241
2026-04-17T03:33:14+05:30,phone:ph32,phone:ph36,451,OKH-04,35673200026605
2026-01-29T06:22:22+05:30,phone:ph02,phone:ph04,447,OKH-04,35670200026215
2026-03-27T18:44:12+05:30,phone:ph08,phone:ph09,472,KRB-08,35670800026293
2026-02-21T15:06:08+05:30,phone:ph19,phone:ph14,244,AZD-12,35671900026436
2026-04-04T14:06:26+05:30,phone:ph04,phone:ph20,25,AZD-12,35670400026241
2026-02-11T18:08:43+05:30,phone:ph23,phone:ph36,569,NOI-63,35672300026488
2026-03-04T04:52:49+05:30,phone:ph02,phone:ph20,379,GZP-09,35670200026215
2026-04-10T20:49:43+05:30,phone:ph04,phone:ph20,496,GZP-09,35670400026241
2026-03-30T01:08:41+05:30,phone:ph04,phone:ph20,430,GZP-09,35670400026241
2026-03-31T16:46:18+05:30,phone:ph09,phone:ph06,155,NOI-63,35670900026306
2026-03-14T01:15:14+05:30,phone:ph30,phone:ph36,270,NOI-63,35673000026579
2026-02-03T14:32:08+05:30,phone:ph21,phone:ph04,257,UDY-01,35672100026462
2026-05-20T18:55:08+05:30,phone:ph11,phone:ph06,312,OKH-04,35671100026332
2026-06-03T18:02:13+05:30,phone:ph10,phone:ph07,391,OKH-04,35671000026319
2026-03-18T00:26:53+05:30,phone:ph35,phone:ph20,356,OKH-04,35673500026644
2026-01-18T16:32:57+05:30,phone:ph21,phone:ph20,594,GZP-09,35672100026462
2026-04-04T02:30:32+05:30,phone:ph02,phone:ph04,70,GZP-09,35670200026215
2026-03-19T20:04:09+05:30,phone:ph34,phone:ph22,277,UDY-01,35673400026631
2026-03-08T16:42:40+05:30,phone:ph04,phone:ph02,99,GZP-09,35670400026241
2026-03-17T05:58:36+05:30,phone:ph07,phone:ph10,83,UDY-01,35670700026280
2026-05-09T16:03:39+05:30,phone:ph09,phone:ph10,322,DWK-21,35670900026306
2026-03-02T16:46:14+05:30,phone:ph02,phone:ph04,303,OKH-04,35670200026215
2026-04-21T15:31:45+05:30,phone:ph24,phone:ph07,111,SBR-02,35672400026501
2026-01-29T02:11:21+05:30,phone:ph02,phone:ph04,582,KRB-08,35670200026215
2026-01-21T21:15:35+05:30,phone:ph38,phone:ph11,369,DWK-21,35673800026683
2026-01-09T02:47:46+05:30,phone:ph21,phone:ph02,588,KRB-08,35672100026462
2026-02-16T14:58:29+05:30,phone:ph21,phone:ph20,39,SBR-02,35672100026462
2026-05-22T23:45:19+05:30,phone:ph06,phone:ph10,159,DWK-21,35670600026267
2026-05-18T22:29:44+05:30,phone:ph10,phone:ph07,597,SBR-02,35671000026319
2026-04-20T05:47:14+05:30,phone:ph20,phone:ph04,255,SBR-02,35672000026449
2026-02-06T06:55:12+05:30,phone:ph09,phone:ph07,315,SBR-02,35670900026306
2026-01-16T00:57:33+05:30,phone:ph21,phone:ph02,421,UDY-01,35672100026462
2026-06-13T03:58:48+05:30,phone:ph20,phone:ph04,550,SBR-02,35672000026449
2026-04-26T14:55:50+05:30,phone:ph04,phone:ph20,461,AZD-12,35670400026241
2026-04-21T04:34:13+05:30,phone:ph02,phone:ph04,267,NOI-63,35670200026215
2026-03-28T22:43:53+05:30,phone:ph11,phone:ph09,104,SBR-02,35671100026332
2026-04-17T04:23:29+05:30,phone:ph11,phone:ph10,28,OKH-04,35671100026332
2026-05-22T23:32:31+05:30,phone:ph32,phone:ph27,431,KRB-08,35673200026605
2026-01-24T23:32:28+05:30,phone:ph20,phone:ph04,426,NOI-63,35672000026449
2026-05-28T20:31:20+05:30,phone:ph02,phone:ph17,320,SBR-02,35670200026215
2026-03-24T06:53:14+05:30,phone:ph04,phone:ph21,375,UDY-01,35670400026241
2026-01-15T00:13:28+05:30,phone:ph19,phone:ph31,515,KRB-08,35671900026436
2026-06-05T19:27:20+05:30,phone:ph04,phone:ph20,566,KRB-08,35670400026241
2026-03-08T16:42:08+05:30,phone:ph22,phone:ph13,224,GZP-09,35672200026475
2026-01-10T23:31:44+05:30,phone:ph04,phone:ph20,523,KRB-08,35670400026241
2026-01-11T00:50:24+05:30,phone:ph02,phone:ph04,428,SBR-02,35670200026215
2026-04-21T00:05:11+05:30,phone:ph04,phone:ph02,229,SBR-02,35670400026241
2026-03-26T18:32:10+05:30,phone:ph08,phone:ph11,100,SBR-02,35670800026293
2026-04-13T16:19:46+05:30,phone:ph04,phone:ph21,307,NOI-63,35670400026241
2026-06-09T15:00:27+05:30,phone:ph14,phone:ph03,75,OKH-04,35671400026371
2026-01-08T05:56:30+05:30,phone:ph10,phone:ph08,554,GZP-09,35671000026319
2026-06-09T21:01:31+05:30,phone:ph14,phone:ph18,333,SBR-02,35671400026371
2026-03-01T05:53:24+05:30,phone:ph05,phone:ph36,463,SBR-02,35670500026254
2026-03-23T18:05:47+05:30,phone:ph10,phone:ph07,399,OKH-04,35671000026319
2026-01-05T19:55:42+05:30,phone:ph02,phone:ph04,577,DWK-21,35670200026215
2026-02-09T21:32:29+05:30,phone:ph25,phone:ph18,337,NOI-63,35672500026514
2026-05-03T04:37:49+05:30,phone:ph07,phone:ph10,536,UDY-01,35670700026280
2026-04-20T17:35:34+05:30,phone:ph08,phone:ph06,101,OKH-04,35670800026293
2026-03-30T17:07:59+05:30,phone:ph04,phone:ph02,463,KRB-08,35670400026241
2026-06-12T17:12:22+05:30,phone:ph08,phone:ph07,298,UDY-01,35670800026293
2026-02-16T04:09:11+05:30,phone:ph16,phone:ph25,368,DWK-21,35671600026397
2026-03-14T06:34:04+05:30,phone:ph21,phone:ph33,498,UDY-01,35672100026462
2026-02-09T16:08:08+05:30,phone:ph06,phone:ph09,261,OKH-04,35670600026267
2026-03-01T20:58:45+05:30,phone:ph10,phone:ph07,97,UDY-01,35671000026319
2026-02-20T02:29:56+05:30,phone:ph30,phone:ph21,63,SBR-02,35673000026579
2026-04-28T04:55:31+05:30,phone:ph21,phone:ph20,464,OKH-04,35672100026462
2026-06-08T21:41:58+05:30,phone:ph06,phone:ph09,546,SBR-02,35670600026267
2026-06-14T20:31:57+05:30,phone:ph34,phone:ph05,558,SBR-02,35673400026631
2026-04-13T20:45:34+05:30,phone:ph20,phone:ph02,15,UDY-01,35672000026449
2026-01-19T00:18:36+05:30,phone:ph08,phone:ph07,507,GZP-09,35670800026293
2026-05-12T22:55:19+05:30,phone:ph20,phone:ph02,380,AZD-12,35672000026449
2026-02-11T22:05:51+05:30,phone:ph11,phone:ph06,590,KRB-08,35671100026332
2026-04-14T19:35:43+05:30,phone:ph04,phone:ph20,430,UDY-01,35670400026241
2026-02-17T19:10:21+05:30,phone:ph28,phone:ph37,27,OKH-04,35672800026553
2026-01-15T17:03:20+05:30,phone:ph31,phone:ph04,299,DWK-21,35673100026592
2026-05-26T18:25:51+05:30,phone:ph11,phone:ph05,597,SBR-02,35671100026332
2026-02-19T05:51:57+05:30,phone:ph07,phone:ph10,76,NOI-63,35670700026280
2026-06-06T03:29:02+05:30,phone:ph11,phone:ph08,388,AZD-12,35671100026332
2026-05-28T03:12:11+05:30,phone:ph21,phone:ph20,330,SBR-02,35672100026462
2026-04-25T15:46:42+05:30,phone:ph08,phone:ph04,585,KRB-08,35670800026293
2026-03-17T03:42:06+05:30,phone:ph04,phone:ph20,98,GZP-09,35670400026241
2026-01-14T17:44:59+05:30,phone:ph07,phone:ph10,94,OKH-04,35670700026280
2026-03-14T18:06:29+05:30,phone:ph10,phone:ph09,523,SBR-02,35671000026319
2026-06-01T20:51:16+05:30,phone:ph21,phone:ph29,299,GZP-09,35672100026462
2026-04-28T02:51:31+05:30,phone:ph04,phone:ph21,152,SBR-02,35670400026241
2026-04-20T18:32:37+05:30,phone:ph02,phone:ph20,187,DWK-21,35670200026215
2026-01-15T20:23:07+05:30,phone:ph04,phone:ph21,266,NOI-63,35670400026241
2026-02-14T22:00:39+05:30,phone:ph02,phone:ph04,482,SBR-02,35670200026215
2026-04-13T14:47:28+05:30,phone:ph06,phone:ph19,584,KRB-08,35670600026267
2026-01-06T23:12:10+05:30,phone:ph24,phone:ph02,461,DWK-21,35672400026501
2026-01-08T06:22:21+05:30,phone:ph01,phone:ph32,309,UDY-01,35670100026202
2026-02-20T15:19:50+05:30,phone:ph11,phone:ph06,299,NOI-63,35671100026332
2026-05-22T23:04:58+05:30,phone:ph25,phone:ph37,282,SBR-02,35672500026514
2026-04-06T21:54:44+05:30,phone:ph31,phone:ph17,493,DWK-21,35673100026592
2026-04-06T19:39:42+05:30,phone:ph21,phone:ph02,366,OKH-04,35672100026462
2026-02-12T22:46:45+05:30,phone:ph10,phone:ph08,384,GZP-09,35671000026319
2026-02-15T05:08:15+05:30,phone:ph05,phone:ph10,169,UDY-01,35670500026254
2026-06-03T06:57:50+05:30,phone:ph04,phone:ph20,312,OKH-04,35670400026241
2026-06-13T01:39:36+05:30,phone:ph21,phone:ph02,264,OKH-04,35672100026462
2026-05-18T04:30:27+05:30,phone:ph20,phone:ph21,167,AZD-12,35672000026449
2026-06-12T01:17:39+05:30,phone:ph03,phone:ph24,120,KRB-08,35670300026228
2026-03-29T04:17:20+05:30,phone:ph10,phone:ph07,246,DWK-21,35671000026319
2026-04-27T20:05:48+05:30,phone:ph18,phone:ph30,16,OKH-04,35671800026423
2026-02-22T01:31:18+05:30,phone:ph05,phone:ph21,331,GZP-09,35670500026254
2026-03-20T22:24:45+05:30,phone:ph04,phone:ph02,97,GZP-09,35670400026241
2026-03-21T05:44:41+05:30,phone:ph11,phone:ph39,106,KRB-08,35671100026332
2026-04-29T23:08:41+05:30,phone:ph36,phone:ph35,436,GZP-09,35673600026657
2026-03-29T05:44:20+05:30,phone:ph08,phone:ph19,471,DWK-21,35670800026293
2026-02-11T22:12:48+05:30,phone:ph13,phone:ph20,411,SBR-02,35671300026358
2026-06-11T19:54:52+05:30,phone:ph08,phone:ph06,550,KRB-08,35670800026293
2026-03-25T01:20:05+05:30,phone:ph09,phone:ph10,478,NOI-63,35670900026306
2026-04-05T02:47:16+05:30,phone:ph03,phone:ph35,208,SBR-02,35670300026228
2026-04-09T04:51:31+05:30,phone:ph21,phone:ph04,244,NOI-63,35672100026462
2026-03-28T02:20:55+05:30,phone:ph04,phone:ph02,400,SBR-02,35670400026241
2026-05-27T01:09:11+05:30,phone:ph17,phone:ph33,483,UDY-01,35671700026410
2026-01-09T17:55:06+05:30,phone:ph10,phone:ph11,95,GZP-09,35671000026319
2026-02-18T17:38:41+05:30,phone:ph09,phone:ph10,445,GZP-09,35670900026306
2026-04-27T14:59:53+05:30,phone:ph00,phone:ph16,318,DWK-21,35670000026189
2026-01-05T14:47:36+05:30,phone:ph29,phone:ph30,137,DWK-21,35672900026566
2026-01-15T14:40:27+05:30,phone:ph08,phone:ph06,23,GZP-09,35670800026293
2026-06-13T03:25:47+05:30,phone:ph20,phone:ph04,411,UDY-01,35672000026449
2026-03-06T20:48:54+05:30,phone:ph24,phone:ph13,256,GZP-09,35672400026501
2026-06-06T05:11:28+05:30,phone:ph05,phone:ph14,572,AZD-12,35670500026254
2026-01-29T17:48:49+05:30,phone:ph14,phone:ph36,305,SBR-02,35671400026371
2026-05-06T04:06:43+05:30,phone:ph11,phone:ph10,273,UDY-01,35671100026332
2026-04-03T15:31:23+05:30,phone:ph10,phone:ph06,551,OKH-04,35671000026319
2026-02-14T06:48:48+05:30,phone:ph04,phone:ph02,461,KRB-08,35670400026241
2026-04-16T04:43:21+05:30,phone:ph08,phone:ph11,59,NOI-63,35670800026293
2026-02-19T17:13:09+05:30,phone:ph11,phone:ph09,331,UDY-01,35671100026332
2026-01-08T15:34:13+05:30,phone:ph18,phone:ph19,529,DWK-21,35671800026423
2026-04-11T00:27:21+05:30,phone:ph04,phone:ph21,298,DWK-21,35670400026241
2026-02-27T14:19:29+05:30,phone:ph08,phone:ph07,118,KRB-08,35670800026293
2026-01-19T21:26:46+05:30,phone:ph35,phone:ph06,275,NOI-63,35673500026644
2026-03-28T00:10:36+05:30,phone:ph15,phone:ph05,16,DWK-21,35671500026384
2026-05-26T18:29:08+05:30,phone:ph21,phone:ph20,454,GZP-09,35672100026462
2026-04-28T20:04:37+05:30,phone:ph28,phone:ph07,578,AZD-12,35672800026553
2026-05-16T01:24:46+05:30,phone:ph26,phone:ph36,95,GZP-09,35672600026527
2026-03-30T22:30:35+05:30,phone:ph33,phone:ph19,88,NOI-63,35673300026618
2026-04-23T02:14:08+05:30,phone:ph04,phone:ph21,255,GZP-09,35670400026241
2026-04-05T15:17:06+05:30,phone:ph20,phone:ph04,589,KRB-08,35672000026449
2026-05-07T15:28:21+05:30,phone:ph07,phone:ph11,47,NOI-63,35670700026280
2026-01-26T06:31:10+05:30,phone:ph02,phone:ph20,64,GZP-09,35670200026215
2026-03-08T01:40:56+05:30,phone:ph00,phone:ph12,220,NOI-63,35670000026189
2026-05-23T14:30:17+05:30,phone:ph04,phone:ph21,51,NOI-63,35670400026241
2026-02-20T15:02:50+05:30,phone:ph10,phone:ph08,454,UDY-01,35671000026319
2026-01-08T20:57:54+05:30,phone:ph27,phone:ph24,358,SBR-02,35672700026540
2026-02-28T16:22:08+05:30,phone:ph24,phone:ph30,152,AZD-12,35672400026501
2026-04-20T23:59:31+05:30,phone:ph14,phone:ph31,137,OKH-04,35671400026371
2026-05-25T22:18:02+05:30,phone:ph07,phone:ph10,589,NOI-63,35670700026280
2026-05-31T06:39:47+05:30,phone:ph08,phone:ph11,386,GZP-09,35670800026293
2026-05-08T04:41:22+05:30,phone:ph02,phone:ph20,396,DWK-21,35670200026215
2026-02-02T03:37:16+05:30,phone:ph09,phone:ph08,463,DWK-21,35670900026306
2026-05-04T20:54:54+05:30,phone:ph10,phone:ph17,57,UDY-01,35671000026319
2026-01-15T02:32:53+05:30,phone:ph39,phone:ph30,427,GZP-09,35673900026696
2026-04-08T01:41:55+05:30,phone:ph02,phone:ph04,327,KRB-08,35670200026215
2026-06-10T22:34:54+05:30,phone:ph20,phone:ph04,413,UDY-01,35672000026449
2026-01-30T05:30:12+05:30,phone:ph21,phone:ph20,353,SBR-02,35672100026462
2026-03-23T17:39:17+05:30,phone:ph21,phone:ph20,72,NOI-63,35672100026462
2026-01-23T02:15:06+05:30,phone:ph06,phone:ph11,431,SBR-02,35670600026267
2026-04-10T23:59:02+05:30,phone:ph20,phone:ph21,244,SBR-02,35672000026449
2026-02-20T00:58:36+05:30,phone:ph21,phone:ph04,479,KRB-08,35672100026462
2026-04-23T03:25:53+05:30,phone:ph04,phone:ph20,450,SBR-02,35670400026241
2026-05-10T00:40:32+05:30,phone:ph37,phone:ph14,188,SBR-02,35673700026670
2026-02-15T00:40:47+05:30,phone:ph21,phone:ph04,345,KRB-08,35672100026462
2026-02-02T20:24:48+05:30,phone:ph20,phone:ph04,498,DWK-21,35672000026449
2026-05-20T01:00:39+05:30,phone:ph08,phone:ph10,168,UDY-01,35670800026293
2026-05-14T22:12:18+05:30,phone:ph01,phone:ph29,141,AZD-12,35670100026202
2026-02-24T21:59:51+05:30,phone:ph24,phone:ph09,510,UDY-01,35672400026501
2026-06-12T15:24:43+05:30,phone:ph16,phone:ph31,565,NOI-63,35671600026397
2026-01-15T16:22:39+05:30,phone:ph02,phone:ph04,364,OKH-04,35670200026215
2026-05-15T05:33:34+05:30,phone:ph30,phone:ph10,290,NOI-63,35673000026579
2026-05-03T20:24:35+05:30,phone:ph02,phone:ph20,337,OKH-04,35670200026215
2026-01-29T15:15:22+05:30,phone:ph09,phone:ph06,61,OKH-04,35670900026306
2026-05-01T02:17:35+05:30,phone:ph02,phone:ph04,415,GZP-09,35670200026215
2026-03-26T18:58:09+05:30,phone:ph08,phone:ph09,130,AZD-12,35670800026293
2026-01-29T04:49:56+05:30,phone:ph10,phone:ph07,100,SBR-02,35671000026319
2026-03-20T17:02:13+05:30,phone:ph21,phone:ph32,476,GZP-09,35672100026462
2026-03-22T20:24:37+05:30,phone:ph11,phone:ph06,469,KRB-08,35671100026332
2026-03-21T03:26:36+05:30,phone:ph34,phone:ph15,429,SBR-02,35673400026631
2026-05-08T04:45:41+05:30,phone:ph38,phone:ph34,256,KRB-08,35673800026683
2026-02-14T01:07:43+05:30,phone:ph06,phone:ph31,431,GZP-09,35670600026267
2026-05-28T23:45:51+05:30,phone:ph10,phone:ph09,78,SBR-02,35671000026319
2026-04-10T06:18:58+05:30,phone:ph11,phone:ph10,528,NOI-63,35671100026332
2026-01-20T15:01:26+05:30,phone:ph10,phone:ph25,240,AZD-12,35671000026319
2026-01-12T02:09:17+05:30,phone:ph06,phone:ph08,422,GZP-09,35670600026267
2026-05-31T21:59:36+05:30,phone:ph21,phone:ph20,24,OKH-04,35672100026462
2026-04-10T22:04:43+05:30,phone:ph06,phone:ph07,130,SBR-02,35670600026267
2026-04-22T15:28:09+05:30,phone:ph02,phone:ph04,271,OKH-04,35670200026215
2026-05-08T03:50:34+05:30,phone:ph04,phone:ph20,228,UDY-01,35670400026241
2026-05-06T17:46:42+05:30,phone:ph17,phone:ph02,64,AZD-12,35671700026410
2026-04-04T17:58:08+05:30,phone:ph31,phone:ph01,14,DWK-21,35673100026592
2026-05-06T03:55:51+05:30,phone:ph10,phone:ph07,219,OKH-04,35671000026319
2026-04-16T00:33:31+05:30,phone:ph30,phone:ph25,525,OKH-04,35673000026579
2026-04-05T18:38:15+05:30,phone:ph10,phone:ph07,471,AZD-12,35671000026319
2026-05-14T17:34:11+05:30,phone:ph33,phone:ph24,65,NOI-63,35673300026618
2026-02-17T16:38:33+05:30,phone:ph08,phone:ph10,527,NOI-63,35670800026293
2026-05-13T05:18:32+05:30,phone:ph11,phone:ph10,72,KRB-08,35671100026332
2026-03-21T19:03:45+05:30,phone:ph20,phone:ph21,514,KRB-08,35672000026449
2026-05-06T19:41:11+05:30,phone:ph10,phone:ph09,492,GZP-09,35671000026319
2026-03-24T04:04:30+05:30,phone:ph08,phone:ph09,402,AZD-12,35670800026293
2026-05-03T21:20:17+05:30,phone:ph08,phone:ph10,271,UDY-01,35670800026293
2026-02-18T15:48:58+05:30,phone:ph10,phone:ph09,364,NOI-63,35671000026319
2026-06-07T16:04:09+05:30,phone:ph21,phone:ph02,226,UDY-01,35672100026462
2026-01-28T14:13:29+05:30,phone:ph03,phone:ph18,488,AZD-12,35670300026228
2026-02-06T18:41:35+05:30,phone:ph11,phone:ph10,87,NOI-63,35671100026332
2026-05-26T03:30:13+05:30,phone:ph02,phone:ph21,158,OKH-04,35670200026215
2026-02-24T05:10:01+05:30,phone:ph10,phone:ph11,297,OKH-04,35671000026319
2026-05-27T23:34:43+05:30,phone:ph16,phone:ph25,59,NOI-63,35671600026397
2026-04-29T19:33:00+05:30,phone:ph26,phone:ph00,398,GZP-09,35672600026527
2026-03-18T18:05:53+05:30,phone:ph04,phone:ph21,254,SBR-02,35670400026241
2026-04-10T05:39:36+05:30,phone:ph13,phone:ph16,594,KRB-08,35671300026358
2026-05-22T15:53:53+05:30,phone:ph10,phone:ph07,186,KRB-08,35671000026319
2026-06-06T06:53:18+05:30,phone:ph04,phone:ph02,95,OKH-04,35670400026241
2026-06-08T19:00:31+05:30,phone:ph12,phone:ph02,78,DWK-21,35671200026345
2026-06-11T18:38:34+05:30,phone:ph06,phone:ph09,405,AZD-12,35670600026267
2026-02-02T05:09:17+05:30,phone:ph21,phone:ph20,187,AZD-12,35672100026462
2026-04-05T03:42:47+05:30,phone:ph21,phone:ph19,133,AZD-12,35672100026462
2026-05-31T15:08:55+05:30,phone:ph02,phone:ph20,248,OKH-04,35670200026215
2026-05-29T22:40:09+05:30,phone:ph06,phone:ph05,266,UDY-01,35670600026267
2026-01-31T01:19:37+05:30,phone:ph09,phone:ph10,293,GZP-09,35670900026306
2026-03-17T02:41:20+05:30,phone:ph10,phone:ph37,406,SBR-02,35671000026319
2026-04-30T04:08:52+05:30,phone:ph27,phone:ph20,278,KRB-08,35672700026540
2026-01-23T22:45:16+05:30,phone:ph10,phone:ph08,233,GZP-09,35671000026319
2026-05-26T00:09:24+05:30,phone:ph08,phone:ph16,518,UDY-01,35670800026293
2026-03-27T17:58:00+05:30,phone:ph20,phone:ph04,173,GZP-09,35672000026449
2026-01-31T04:56:40+05:30,phone:ph12,phone:ph00,42,AZD-12,35671200026345
2026-05-02T00:21:13+05:30,phone:ph04,phone:ph20,598,DWK-21,35670400026241
2026-06-15T02:21:21+05:30,phone:ph07,phone:ph08,305,UDY-01,35670700026280
2026-05-07T18:35:27+05:30,phone:ph10,phone:ph07,425,SBR-02,35671000026319
2026-05-19T01:38:19+05:30,phone:ph04,phone:ph21,390,SBR-02,35670400026241
2026-04-27T19:57:30+05:30,phone:ph11,phone:ph08,212,OKH-04,35671100026332
2026-01-12T06:43:37+05:30,phone:ph34,phone:ph05,29,GZP-09,35673400026631
2026-02-22T02:16:41+05:30,phone:ph06,phone:ph07,363,OKH-04,35670600026267
2026-03-12T00:51:45+05:30,phone:ph07,phone:ph06,598,KRB-08,35670700026280
2026-03-22T15:53:30+05:30,phone:ph02,phone:ph01,353,OKH-04,35670200026215
2026-06-08T15:02:45+05:30,phone:ph20,phone:ph04,489,OKH-04,35672000026449
2026-06-07T14:43:58+05:30,phone:ph32,phone:ph36,122,DWK-21,35673200026605
2026-02-25T20:03:33+05:30,phone:ph16,phone:ph36,272,UDY-01,35671600026397
2026-05-09T05:33:30+05:30,phone:ph04,phone:ph20,207,GZP-09,35670400026241
2026-02-19T02:04:35+05:30,phone:ph20,phone:ph21,99,UDY-01,35672000026449
2026-06-09T21:43:53+05:30,phone:ph04,phone:ph21,448,SBR-02,35670400026241
2026-04-11T17:17:19+05:30,phone:ph07,phone:ph06,410,GZP-09,35670700026280
2026-01-11T00:10:12+05:30,phone:ph31,phone:ph33,307,DWK-21,35673100026592
2026-04-23T15:16:00+05:30,phone:ph33,phone:ph21,366,OKH-04,35673300026618
2026-04-10T06:16:02+05:30,phone:ph18,phone:ph08,446,NOI-63,35671800026423
2026-01-27T14:36:02+05:30,phone:ph04,phone:ph02,264,DWK-21,35670400026241
2026-06-04T15:23:39+05:30,phone:ph20,phone:ph02,562,SBR-02,35672000026449
2026-01-08T01:35:22+05:30,phone:ph19,phone:ph31,189,SBR-02,35671900026436
2026-05-28T05:28:04+05:30,phone:ph17,phone:ph12,579,AZD-12,35671700026410
2026-04-08T23:16:56+05:30,phone:ph27,phone:ph03,130,AZD-12,35672700026540
2026-05-17T21:33:33+05:30,phone:ph20,phone:ph21,504,AZD-12,35672000026449
2026-05-19T05:48:05+05:30,phone:ph07,phone:ph09,21,UDY-01,35670700026280
2026-04-21T23:00:25+05:30,phone:ph09,phone:ph08,321,KRB-08,35670900026306
2026-05-01T19:52:46+05:30,phone:ph04,phone:ph02,275,AZD-12,35670400026241
2026-03-26T03:09:40+05:30,phone:ph07,phone:ph09,128,SBR-02,35670700026280
2026-05-18T22:32:01+05:30,phone:ph07,phone:ph10,445,SBR-02,35670700026280
2026-04-19T16:16:34+05:30,phone:ph24,phone:ph36,559,KRB-08,35672400026501
2026-01-06T20:14:34+05:30,phone:ph20,phone:ph04,508,GZP-09,35672000026449
2026-04-01T06:45:28+05:30,phone:ph14,phone:ph28,312,GZP-09,35671400026371
2026-05-22T00:16:40+05:30,phone:ph20,phone:ph04,55,SBR-02,35672000026449
2026-05-16T04:42:12+05:30,phone:ph07,phone:ph11,593,SBR-02,35670700026280
2026-05-18T06:13:42+05:30,phone:ph04,phone:ph02,327,DWK-21,35670400026241
2026-03-14T06:57:51+05:30,phone:ph04,phone:ph02,301,UDY-01,35670400026241
2026-01-25T15:34:40+05:30,phone:ph09,phone:ph06,472,SBR-02,35670900026306
2026-03-09T20:20:49+05:30,phone:ph02,phone:ph20,368,NOI-63,35670200026215
2026-03-05T01:14:31+05:30,phone:ph09,phone:ph06,100,NOI-63,35670900026306
2026-01-06T18:29:48+05:30,phone:ph04,phone:ph21,492,UDY-01,35670400026241
2026-01-06T16:30:32+05:30,phone:ph20,phone:ph02,282,DWK-21,35672000026449
2026-03-03T03:49:29+05:30,phone:ph08,phone:ph07,587,OKH-04,35670800026293
2026-04-14T15:41:50+05:30,phone:ph02,phone:ph20,16,DWK-21,35670200026215
2026-01-18T04:00:11+05:30,phone:ph24,phone:ph17,522,DWK-21,35672400026501
2026-01-11T20:28:03+05:30,phone:ph19,phone:ph04,14,SBR-02,35671900026436
2026-02-19T16:45:33+05:30,phone:ph06,phone:ph12,14,DWK-21,35670600026267
2026-05-08T19:14:35+05:30,phone:ph20,phone:ph04,288,GZP-09,35672000026449
2026-03-21T15:06:27+05:30,phone:ph08,phone:ph09,303,UDY-01,35670800026293
2026-03-29T20:50:31+05:30,phone:ph06,phone:ph10,149,UDY-01,35670600026267
2026-03-30T20:27:43+05:30,phone:ph09,phone:ph11,477,DWK-21,35670900026306
2026-02-25T14:50:18+05:30,phone:ph11,phone:ph08,66,KRB-08,35671100026332
2026-04-02T16:07:38+05:30,phone:ph10,phone:ph07,23,GZP-09,35671000026319
2026-05-09T20:50:44+05:30,phone:ph08,phone:ph23,452,AZD-12,35670800026293
2026-03-30T00:08:16+05:30,phone:ph20,phone:ph04,143,AZD-12,35672000026449
2026-05-08T02:12:54+05:30,phone:ph20,phone:ph04,67,OKH-04,35672000026449
2026-05-13T17:06:55+05:30,phone:ph16,phone:ph20,116,SBR-02,35671600026397
2026-02-04T20:49:17+05:30,phone:ph37,phone:ph23,70,DWK-21,35673700026670
2026-05-25T05:51:23+05:30,phone:ph21,phone:ph20,70,UDY-01,35672100026462
2026-03-02T04:46:58+05:30,phone:ph04,phone:ph21,239,SBR-02,35670400026241
2026-01-12T17:29:28+05:30,phone:ph25,phone:ph10,32,NOI-63,35672500026514
2026-06-10T03:57:00+05:30,phone:ph06,phone:ph09,110,OKH-04,35670600026267
2026-05-28T00:43:00+05:30,phone:ph06,phone:ph10,533,OKH-04,35670600026267
2026-04-15T15:56:07+05:30,phone:ph10,phone:ph11,236,SBR-02,35671000026319
2026-01-11T18:24:17+05:30,phone:ph04,phone:ph02,76,DWK-21,35670400026241
2026-03-05T19:23:14+05:30,phone:ph19,phone:ph03,274,DWK-21,35671900026436
2026-04-03T22:01:22+05:30,phone:ph12,phone:ph05,534,AZD-12,35671200026345
2026-01-24T04:38:17+05:30,phone:ph07,phone:ph08,89,AZD-12,35670700026280
2026-06-12T16:48:52+05:30,phone:ph26,phone:ph03,277,NOI-63,35672600026527
2026-01-22T23:57:45+05:30,phone:ph17,phone:ph27,362,DWK-21,35671700026410
2026-02-02T23:35:49+05:30,phone:ph10,phone:ph26,119,UDY-01,35671000026319
2026-05-03T19:08:59+05:30,phone:ph37,phone:ph25,434,AZD-12,35673700026670
2026-05-17T20:34:36+05:30,phone:ph02,phone:ph04,526,UDY-01,35670200026215
2026-03-12T21:22:05+05:30,phone:ph02,phone:ph04,448,AZD-12,35670200026215
2026-01-11T06:33:58+05:30,phone:ph04,phone:ph20,263,DWK-21,35670400026241
2026-04-26T17:28:59+05:30,phone:ph11,phone:ph08,398,UDY-01,35671100026332
2026-02-13T00:27:45+05:30,phone:ph02,phone:ph04,21,NOI-63,35670200026215
2026-04-13T04:21:04+05:30,phone:ph08,phone:ph11,583,KRB-08,35670800026293
2026-04-14T22:33:52+05:30,phone:ph04,phone:ph20,97,UDY-01,35670400026241
2026-02-11T17:14:12+05:30,phone:ph10,phone:ph08,537,UDY-01,35671000026319
2026-01-18T18:46:00+05:30,phone:ph20,phone:ph21,583,OKH-04,35672000026449
2026-02-12T15:12:19+05:30,phone:ph15,phone:ph20,151,NOI-63,35671500026384
2026-05-24T02:13:19+05:30,phone:ph38,phone:ph20,400,GZP-09,35673800026683
2026-03-18T17:39:57+05:30,phone:ph32,phone:ph01,529,DWK-21,35673200026605
2026-05-09T06:46:48+05:30,phone:ph09,phone:ph06,63,GZP-09,35670900026306
2026-01-24T20:55:58+05:30,phone:ph00,phone:ph05,520,KRB-08,35670000026189
2026-01-06T01:07:05+05:30,phone:ph06,phone:ph09,466,SBR-02,35670600026267
2026-04-19T16:18:01+05:30,phone:ph10,phone:ph35,460,OKH-04,35671000026319
2026-02-01T01:22:34+05:30,phone:ph02,phone:ph20,407,UDY-01,35670200026215
2026-02-22T03:57:39+05:30,phone:ph10,phone:ph09,133,AZD-12,35671000026319
2026-06-03T21:51:05+05:30,phone:ph36,phone:ph29,559,UDY-01,35673600026657
2026-03-24T06:17:25+05:30,phone:ph02,phone:ph17,561,OKH-04,35670200026215
2026-03-05T01:29:12+05:30,phone:ph04,phone:ph20,382,UDY-01,35670400026241
2026-03-31T00:41:53+05:30,phone:ph20,phone:ph04,42,OKH-04,35672000026449
2026-04-16T19:27:53+05:30,phone:ph20,phone:ph02,423,NOI-63,35672000026449
2026-05-25T17:32:03+05:30,phone:ph07,phone:ph28,140,KRB-08,35670700026280
2026-05-14T02:12:15+05:30,phone:ph10,phone:ph07,500,UDY-01,35671000026319
2026-02-13T01:50:37+05:30,phone:ph04,phone:ph02,195,SBR-02,35670400026241
2026-04-18T18:13:17+05:30,phone:ph10,phone:ph06,231,UDY-01,35671000026319
2026-03-27T14:25:07+05:30,phone:ph01,phone:ph10,467,UDY-01,35670100026202
2026-04-26T00:38:48+05:30,phone:ph06,phone:ph09,344,SBR-02,35670600026267
2026-01-18T22:38:09+05:30,phone:ph09,phone:ph08,489,DWK-21,35670900026306
2026-02-20T04:37:05+05:30,phone:ph17,phone:ph29,113,GZP-09,35671700026410
2026-03-12T15:36:12+05:30,phone:ph27,phone:ph16,274,KRB-08,35672700026540
2026-02-05T14:58:54+05:30,phone:ph21,phone:ph04,152,KRB-08,35672100026462
2026-05-15T04:31:35+05:30,phone:ph18,phone:ph21,515,GZP-09,35671800026423
2026-03-03T22:21:12+05:30,phone:ph18,phone:ph35,561,GZP-09,35671800026423
2026-05-23T21:03:17+05:30,phone:ph08,phone:ph10,246,NOI-63,35670800026293
2026-01-21T14:15:18+05:30,phone:ph09,phone:ph10,156,UDY-01,35670900026306
2026-03-12T23:21:20+05:30,phone:ph08,phone:ph06,88,KRB-08,35670800026293
2026-05-28T02:58:35+05:30,phone:ph11,phone:ph10,579,SBR-02,35671100026332
2026-01-30T18:35:23+05:30,phone:ph31,phone:ph38,200,DWK-21,35673100026592
2026-05-31T00:14:33+05:30,phone:ph04,phone:ph02,470,AZD-12,35670400026241
2026-03-09T03:39:31+05:30,phone:ph10,phone:ph08,380,AZD-12,35671000026319
2026-01-28T23:24:54+05:30,phone:ph09,phone:ph07,107,AZD-12,35670900026306
2026-04-21T16:23:42+05:30,phone:ph04,phone:ph20,237,AZD-12,35670400026241
2026-05-20T06:57:07+05:30,phone:ph20,phone:ph21,93,SBR-02,35672000026449
2026-02-20T00:51:26+05:30,phone:ph04,phone:ph02,485,KRB-08,35670400026241
2026-03-20T16:29:02+05:30,phone:ph11,phone:ph08,449,KRB-08,35671100026332
2026-05-13T22:48:11+05:30,phone:ph09,phone:ph07,143,OKH-04,35670900026306
2026-05-11T03:53:24+05:30,phone:ph02,phone:ph04,62,SBR-02,35670200026215
2026-02-18T23:28:32+05:30,phone:ph09,phone:ph10,53,GZP-09,35670900026306
2026-02-15T16:35:26+05:30,phone:ph07,phone:ph10,474,UDY-01,35670700026280
2026-04-17T01:38:14+05:30,phone:ph04,phone:ph21,198,DWK-21,35670400026241
2026-05-23T18:57:00+05:30,phone:ph21,phone:ph02,244,AZD-12,35672100026462
2026-02-09T20:45:50+05:30,phone:ph20,phone:ph02,122,AZD-12,35672000026449
2026-02-27T16:40:22+05:30,phone:ph04,phone:ph20,503,GZP-09,35670400026241
2026-02-28T14:25:23+05:30,phone:ph28,phone:ph02,183,NOI-63,35672800026553
2026-06-07T05:21:24+05:30,phone:ph23,phone:ph26,268,UDY-01,35672300026488
2026-03-25T00:51:40+05:30,phone:ph13,phone:ph18,351,DWK-21,35671300026358
2026-06-08T05:40:32+05:30,phone:ph11,phone:ph07,133,SBR-02,35671100026332
2026-04-02T03:43:13+05:30,phone:ph21,phone:ph04,305,GZP-09,35672100026462
2026-06-06T21:04:45+05:30,phone:ph08,phone:ph06,198,NOI-63,35670800026293
2026-04-21T19:47:56+05:30,phone:ph10,phone:ph09,498,GZP-09,35671000026319
2026-03-25T18:41:44+05:30,phone:ph06,phone:ph10,162,NOI-63,35670600026267
2026-04-30T23:36:23+05:30,phone:ph07,phone:ph10,458,OKH-04,35670700026280
2026-01-15T23:00:30+05:30,phone:ph20,phone:ph02,9,NOI-63,35672000026449
2026-05-15T05:34:20+05:30,phone:ph06,phone:ph08,156,SBR-02,35670600026267
2026-04-29T03:29:21+05:30,phone:ph02,phone:ph20,470,SBR-02,35670200026215
2026-02-26T03:47:53+05:30,phone:ph04,phone:ph02,346,GZP-09,35670400026241
2026-04-19T06:01:35+05:30,phone:ph37,phone:ph11,180,OKH-04,35673700026670
2026-01-25T17:08:45+05:30,phone:ph11,phone:ph06,100,KRB-08,35671100026332
2026-02-05T19:35:33+05:30,phone:ph34,phone:ph28,337,NOI-63,35673400026631
2026-03-20T22:54:41+05:30,phone:ph04,phone:ph20,35,DWK-21,35670400026241
2026-04-24T23:05:15+05:30,phone:ph07,phone:ph10,386,KRB-08,35670700026280
2026-02-15T02:31:49+05:30,phone:ph08,phone:ph06,51,GZP-09,35670800026293
2026-01-14T21:36:44+05:30,phone:ph11,phone:ph07,341,GZP-09,35671100026332
2026-03-07T03:05:22+05:30,phone:ph10,phone:ph06,277,OKH-04,35671000026319
2026-01-28T00:00:12+05:30,phone:ph08,phone:ph07,554,AZD-12,35670800026293
2026-05-16T18:57:28+05:30,phone:ph21,phone:ph20,57,UDY-01,35672100026462
2026-01-18T00:01:08+05:30,phone:ph13,phone:ph05,345,KRB-08,35671300026358
2026-02-08T20:03:02+05:30,phone:ph06,phone:ph33,210,SBR-02,35670600026267
2026-05-02T02:50:39+05:30,phone:ph02,phone:ph20,469,UDY-01,35670200026215
2026-05-24T04:29:49+05:30,phone:ph04,phone:ph21,500,KRB-08,35670400026241
2026-02-10T18:02:17+05:30,phone:ph08,phone:ph09,56,AZD-12,35670800026293
2026-05-03T18:53:33+05:30,phone:ph09,phone:ph06,119,UDY-01,35670900026306
2026-01-16T05:58:21+05:30,phone:ph19,phone:ph03,554,GZP-09,35671900026436
2026-06-10T04:46:48+05:30,phone:ph11,phone:ph37,13,NOI-63,35671100026332
2026-05-19T17:18:26+05:30,phone:ph09,phone:ph10,143,AZD-12,35670900026306
2026-04-02T06:48:53+05:30,phone:ph21,phone:ph02,558,DWK-21,35672100026462
2026-02-04T01:59:00+05:30,phone:ph02,phone:ph21,307,AZD-12,35670200026215
2026-02-24T02:34:57+05:30,phone:ph21,phone:ph02,213,OKH-04,35672100026462
2026-03-25T15:27:58+05:30,phone:ph20,phone:ph33,563,OKH-04,35672000026449
2026-06-05T17:56:49+05:30,phone:ph04,phone:ph21,211,DWK-21,35670400026241
2026-04-04T19:34:58+05:30,phone:ph38,phone:ph09,84,SBR-02,35673800026683
2026-02-25T02:10:02+05:30,phone:ph02,phone:ph04,423,KRB-08,35670200026215
2026-03-28T21:00:46+05:30,phone:ph31,phone:ph10,406,KRB-08,35673100026592
2026-05-02T23:57:51+05:30,phone:ph04,phone:ph02,414,KRB-08,35670400026241
2026-04-07T20:00:29+05:30,phone:ph07,phone:ph06,277,SBR-02,35670700026280
2026-02-03T22:35:15+05:30,phone:ph10,phone:ph11,46,SBR-02,35671000026319
2026-05-22T05:02:26+05:30,phone:ph07,phone:ph36,236,NOI-63,35670700026280
2026-03-31T23:07:49+05:30,phone:ph04,phone:ph21,164,AZD-12,35670400026241
2026-04-08T17:53:28+05:30,phone:ph05,phone:ph02,205,OKH-04,35670500026254
2026-02-25T00:20:53+05:30,phone:ph21,phone:ph04,387,UDY-01,35672100026462
2026-03-02T21:19:40+05:30,phone:ph04,phone:ph20,247,SBR-02,35670400026241
2026-02-02T20:35:01+05:30,phone:ph10,phone:ph06,396,AZD-12,35671000026319
2026-03-15T00:29:48+05:30,phone:ph02,phone:ph04,556,GZP-09,35670200026215
2026-02-19T03:14:58+05:30,phone:ph04,phone:ph20,499,OKH-04,35670400026241
2026-02-06T06:24:07+05:30,phone:ph32,phone:ph14,437,KRB-08,35673200026605
2026-03-09T03:42:15+05:30,phone:ph33,phone:ph36,591,AZD-12,35673300026618
2026-05-19T02:15:29+05:30,phone:ph21,phone:ph02,267,KRB-08,35672100026462
2026-06-12T03:12:38+05:30,phone:ph09,phone:ph06,384,SBR-02,35670900026306
2026-03-16T06:26:44+05:30,phone:ph33,phone:ph14,563,OKH-04,35673300026618
2026-02-21T01:54:17+05:30,phone:ph02,phone:ph20,539,GZP-09,35670200026215
2026-06-06T19:47:44+05:30,phone:ph33,phone:ph15,308,KRB-08,35673300026618
2026-02-25T22:46:14+05:30,phone:ph08,phone:ph07,588,KRB-08,35670800026293
2026-04-01T18:27:04+05:30,phone:ph02,phone:ph04,61,OKH-04,35670200026215
2026-02-01T15:30:23+05:30,phone:ph04,phone:ph21,259,DWK-21,35670400026241
2026-01-15T02:50:43+05:30,phone:ph10,phone:ph08,124,DWK-21,35671000026319
2026-02-12T19:29:00+05:30,phone:ph02,phone:ph04,570,DWK-21,35670200026215
2026-03-23T05:57:45+05:30,phone:ph20,phone:ph04,233,OKH-04,35672000026449
2026-06-14T14:58:57+05:30,phone:ph06,phone:ph07,19,OKH-04,35670600026267
2026-02-14T16:35:04+05:30,phone:ph38,phone:ph06,554,KRB-08,35673800026683
2026-03-14T22:28:55+05:30,phone:ph33,phone:ph29,339,GZP-09,35673300026618
2026-04-25T02:04:02+05:30,phone:ph39,phone:ph34,122,GZP-09,35673900026696
2026-05-20T01:38:19+05:30,phone:ph08,phone:ph06,157,DWK-21,35670800026293
2026-04-22T01:39:40+05:30,phone:ph06,phone:ph19,25,UDY-01,35670600026267
2026-03-15T01:09:36+05:30,phone:ph10,phone:ph09,520,NOI-63,35671000026319
2026-06-01T22:28:23+05:30,phone:ph05,phone:ph10,160,NOI-63,35670500026254
2026-04-20T03:52:41+05:30,phone:ph06,phone:ph08,243,OKH-04,35670600026267
2026-02-02T02:27:45+05:30,phone:ph36,phone:ph19,108,SBR-02,35673600026657
2026-05-03T23:26:19+05:30,phone:ph06,phone:ph07,190,NOI-63,35670600026267
2026-03-30T21:38:19+05:30,phone:ph10,phone:ph19,85,GZP-09,35671000026319
2026-05-10T06:53:20+05:30,phone:ph22,phone:ph32,30,SBR-02,35672200026475
2026-06-09T05:16:28+05:30,phone:ph21,phone:ph04,548,AZD-12,35672100026462
2026-04-19T17:21:18+05:30,phone:ph15,phone:ph19,138,SBR-02,35671500026384
2026-05-25T15:08:42+05:30,phone:ph21,phone:ph20,376,UDY-01,35672100026462
2026-04-03T18:32:04+05:30,phone:ph20,phone:ph04,69,DWK-21,35672000026449
2026-04-07T06:00:16+05:30,phone:ph08,phone:ph06,557,OKH-04,35670800026293
2026-02-27T20:52:45+05:30,phone:ph20,phone:ph04,150,SBR-02,35672000026449
2026-05-05T02:54:44+05:30,phone:ph00,phone:ph03,19,GZP-09,35670000026189
2026-02-21T01:18:37+05:30,phone:ph02,phone:ph34,323,NOI-63,35670200026215
2026-06-15T00:03:57+05:30,phone:ph04,phone:ph21,324,KRB-08,35670400026241
2026-05-20T22:47:19+05:30,phone:ph02,phone:ph20,97,NOI-63,35670200026215
2026-03-28T17:48:55+05:30,phone:ph06,phone:ph12,555,NOI-63,35670600026267
2026-05-26T15:47:59+05:30,phone:ph11,phone:ph06,533,UDY-01,35671100026332
2026-01-21T19:31:15+05:30,phone:ph05,phone:ph31,271,GZP-09,35670500026254
2026-05-12T22:43:17+05:30,phone:ph08,phone:ph06,568,GZP-09,35670800026293
2026-01-12T23:22:38+05:30,phone:ph08,phone:ph07,177,AZD-12,35670800026293
2026-02-20T16:41:29+05:30,phone:ph04,phone:ph20,310,UDY-01,35670400026241
2026-05-22T20:55:04+05:30,phone:ph21,phone:ph04,598,OKH-04,35672100026462
2026-02-02T15:11:35+05:30,phone:ph38,phone:ph09,502,SBR-02,35673800026683
2026-03-22T02:00:05+05:30,phone:ph12,phone:ph34,119,GZP-09,35671200026345
2026-04-22T22:19:18+05:30,phone:ph30,phone:ph29,468,NOI-63,35673000026579
2026-04-23T01:49:51+05:30,phone:ph26,phone:ph35,85,UDY-01,35672600026527
2026-05-08T03:00:55+05:30,phone:ph21,phone:ph04,482,NOI-63,35672100026462
2026-02-20T21:45:41+05:30,phone:ph09,phone:ph07,437,KRB-08,35670900026306
2026-04-29T18:46:45+05:30,phone:ph06,phone:ph10,193,DWK-21,35670600026267
2026-01-12T19:16:09+05:30,phone:ph04,phone:ph02,424,OKH-04,35670400026241
2026-05-04T01:54:08+05:30,phone:ph11,phone:ph07,335,OKH-04,35671100026332
2026-06-06T21:08:40+05:30,phone:ph06,phone:ph11,98,UDY-01,35670600026267
2026-05-26T03:00:24+05:30,phone:ph07,phone:ph10,75,SBR-02,35670700026280
2026-05-27T05:13:12+05:30,phone:ph07,phone:ph10,92,NOI-63,35670700026280
2026-02-26T18:01:08+05:30,phone:ph12,phone:ph36,243,SBR-02,35671200026345
2026-01-21T22:03:43+05:30,phone:ph09,phone:ph07,323,NOI-63,35670900026306
2026-06-09T01:33:38+05:30,phone:ph18,phone:ph33,171,OKH-04,35671800026423
2026-01-09T18:48:28+05:30,phone:ph12,phone:ph31,296,SBR-02,35671200026345
2026-02-09T05:03:16+05:30,phone:ph31,phone:ph13,299,OKH-04,35673100026592
2026-03-10T23:36:28+05:30,phone:ph21,phone:ph02,396,AZD-12,35672100026462
2026-02-02T23:59:45+05:30,phone:ph32,phone:ph28,268,NOI-63,35673200026605
2026-06-15T03:01:23+05:30,phone:ph08,phone:ph07,516,DWK-21,35670800026293
2026-01-27T21:24:59+05:30,phone:ph36,phone:ph10,383,OKH-04,35673600026657
2026-01-25T21:13:46+05:30,phone:ph04,phone:ph20,191,UDY-01,35670400026241
2026-06-07T21:10:47+05:30,phone:ph04,phone:ph21,382,GZP-09,35670400026241
2026-01-18T15:40:59+05:30,phone:ph37,phone:ph39,96,DWK-21,35673700026670
2026-03-31T02:07:58+05:30,phone:ph08,phone:ph09,242,OKH-04,35670800026293
2026-05-08T20:51:00+05:30,phone:ph34,phone:ph26,195,GZP-09,35673400026631
2026-04-23T01:14:19+05:30,phone:ph09,phone:ph10,229,KRB-08,35670900026306
2026-04-16T04:38:36+05:30,phone:ph09,phone:ph06,439,KRB-08,35670900026306
2026-03-25T18:24:07+05:30,phone:ph09,phone:ph08,284,SBR-02,35670900026306
2026-01-19T04:58:40+05:30,phone:ph10,phone:ph09,324,AZD-12,35671000026319
2026-01-19T17:11:39+05:30,phone:ph02,phone:ph04,543,GZP-09,35670200026215
2026-05-09T14:15:37+05:30,phone:ph04,phone:ph02,196,GZP-09,35670400026241
2026-05-21T03:29:34+05:30,phone:ph20,phone:ph21,503,SBR-02,35672000026449
2026-01-24T18:27:27+05:30,phone:ph20,phone:ph21,215,SBR-02,35672000026449
2026-01-10T18:44:50+05:30,phone:ph02,phone:ph20,57,OKH-04,35670200026215
2026-04-02T00:03:52+05:30,phone:ph07,phone:ph10,82,OKH-04,35670700026280
2026-04-23T06:32:06+05:30,phone:ph37,phone:ph27,373,NOI-63,35673700026670
2026-03-10T04:59:52+05:30,phone:ph20,phone:ph04,261,AZD-12,35672000026449
2026-02-11T04:55:49+05:30,phone:ph07,phone:ph09,589,AZD-12,35670700026280
2026-05-03T19:36:30+05:30,phone:ph00,phone:ph10,285,GZP-09,35670000026189
2026-05-18T06:33:04+05:30,phone:ph14,phone:ph15,392,OKH-04,35671400026371
2026-05-08T21:31:36+05:30,phone:ph21,phone:ph04,171,KRB-08,35672100026462
2026-01-29T21:44:25+05:30,phone:ph21,phone:ph04,383,UDY-01,35672100026462
2026-03-20T15:49:52+05:30,phone:ph10,phone:ph11,550,OKH-04,35671000026319
2026-06-10T04:23:28+05:30,phone:ph07,phone:ph06,43,SBR-02,35670700026280
2026-02-06T21:51:52+05:30,phone:ph10,phone:ph07,327,NOI-63,35671000026319
2026-05-24T02:05:25+05:30,phone:ph17,phone:ph00,299,AZD-12,35671700026410
2026-02-03T20:04:21+05:30,phone:ph11,phone:ph06,126,NOI-63,35671100026332
2026-04-16T19:33:33+05:30,phone:ph05,phone:ph38,417,OKH-04,35670500026254
2026-05-06T18:14:32+05:30,phone:ph02,phone:ph04,32,NOI-63,35670200026215
2026-05-29T03:10:58+05:30,phone:ph07,phone:ph09,181,NOI-63,35670700026280
2026-03-09T05:50:40+05:30,phone:ph04,phone:ph21,520,NOI-63,35670400026241
2026-03-18T14:00:46+05:30,phone:ph02,phone:ph21,123,SBR-02,35670200026215
2026-05-21T06:57:49+05:30,phone:ph32,phone:ph36,30,OKH-04,35673200026605
2026-03-07T02:09:51+05:30,phone:ph11,phone:ph06,322,SBR-02,35671100026332
2026-05-18T15:45:09+05:30,phone:ph35,phone:ph21,356,KRB-08,35673500026644
2026-03-16T06:34:41+05:30,phone:ph08,phone:ph09,74,SBR-02,35670800026293
2026-01-12T00:28:39+05:30,phone:ph07,phone:ph11,128,OKH-04,35670700026280
2026-05-20T23:51:15+05:30,phone:ph08,phone:ph29,553,OKH-04,35670800026293
2026-02-24T03:47:07+05:30,phone:ph09,phone:ph06,594,OKH-04,35670900026306
2026-05-27T00:52:43+05:30,phone:ph20,phone:ph13,552,AZD-12,35672000026449
2026-01-17T06:04:41+05:30,phone:ph07,phone:ph10,169,OKH-04,35670700026280
2026-05-16T18:32:21+05:30,phone:ph19,phone:ph00,580,AZD-12,35671900026436
2026-05-13T01:57:44+05:30,phone:ph09,phone:ph11,503,SBR-02,35670900026306
2026-05-03T20:39:26+05:30,phone:ph20,phone:ph04,336,NOI-63,35672000026449
2026-04-01T23:16:32+05:30,phone:ph29,phone:ph32,281,UDY-01,35672900026566
2026-01-19T18:47:57+05:30,phone:ph08,phone:ph11,399,NOI-63,35670800026293
2026-03-23T16:44:08+05:30,phone:ph02,phone:ph12,471,DWK-21,35670200026215
2026-02-06T05:36:37+05:30,phone:ph20,phone:ph04,18,UDY-01,35672000026449
2026-02-03T02:07:39+05:30,phone:ph10,phone:ph08,310,OKH-04,35671000026319
2026-02-06T21:38:32+05:30,phone:ph08,phone:ph11,90,GZP-09,35670800026293
2026-05-27T19:04:56+05:30,phone:ph20,phone:ph04,229,DWK-21,35672000026449
2026-04-29T01:21:36+05:30,phone:ph02,phone:ph21,351,OKH-04,35670200026215
2026-04-12T22:39:48+05:30,phone:ph10,phone:ph09,248,KRB-08,35671000026319
2026-03-25T20:11:06+05:30,phone:ph11,phone:ph07,14,KRB-08,35671100026332
2026-01-20T15:47:30+05:30,phone:ph20,phone:ph21,61,OKH-04,35672000026449
2026-02-18T03:33:55+05:30,phone:ph08,phone:ph04,162,UDY-01,35670800026293
2026-03-28T18:37:43+05:30,phone:ph21,phone:ph04,335,UDY-01,35672100026462
2026-04-17T20:29:06+05:30,phone:ph21,phone:ph20,184,AZD-12,35672100026462
2026-05-28T15:40:42+05:30,phone:ph21,phone:ph02,580,AZD-12,35672100026462
2026-01-21T03:40:53+05:30,phone:ph04,phone:ph20,291,KRB-08,35670400026241
2026-02-20T15:26:05+05:30,phone:ph31,phone:ph35,221,DWK-21,35673100026592
2026-04-14T20:19:44+05:30,phone:ph04,phone:ph21,203,OKH-04,35670400026241
2026-02-01T17:27:28+05:30,phone:ph02,phone:ph20,539,UDY-01,35670200026215
2026-04-04T01:44:49+05:30,phone:ph08,phone:ph06,286,AZD-12,35670800026293
2026-04-19T03:58:46+05:30,phone:ph32,phone:ph04,367,AZD-12,35673200026605
2026-04-15T22:53:10+05:30,phone:ph09,phone:ph07,25,KRB-08,35670900026306
2026-06-09T14:30:36+05:30,phone:ph20,phone:ph23,251,OKH-04,35672000026449
2026-06-11T20:22:36+05:30,phone:ph10,phone:ph08,180,DWK-21,35671000026319
2026-03-11T14:27:27+05:30,phone:ph08,phone:ph07,370,OKH-04,35670800026293
2026-03-04T02:56:38+05:30,phone:ph21,phone:ph02,19,SBR-02,35672100026462
2026-03-01T19:34:47+05:30,phone:ph10,phone:ph09,158,GZP-09,35671000026319
2026-05-06T19:40:17+05:30,phone:ph04,phone:ph21,110,GZP-09,35670400026241
2026-05-03T18:58:53+05:30,phone:ph02,phone:ph04,269,AZD-12,35670200026215
2026-04-04T00:28:07+05:30,phone:ph06,phone:ph11,211,AZD-12,35670600026267
2026-04-20T01:06:09+05:30,phone:ph10,phone:ph09,443,AZD-12,35671000026319
2026-03-01T15:49:07+05:30,phone:ph08,phone:ph11,579,SBR-02,35670800026293
2026-05-29T19:27:07+05:30,phone:ph21,phone:ph20,90,SBR-02,35672100026462
2026-02-05T02:38:02+05:30,phone:ph21,phone:ph17,479,KRB-08,35672100026462
2026-06-10T18:27:12+05:30,phone:ph11,phone:ph10,465,UDY-01,35671100026332
2026-05-22T06:30:06+05:30,phone:ph23,phone:ph07,375,SBR-02,35672300026488
2026-01-20T23:26:26+05:30,phone:ph21,phone:ph04,457,NOI-63,35672100026462
2026-04-26T03:42:38+05:30,phone:ph20,phone:ph04,229,DWK-21,35672000026449
2026-01-22T18:47:07+05:30,phone:ph11,phone:ph35,475,KRB-08,35671100026332
2026-02-09T22:14:27+05:30,phone:ph04,phone:ph20,134,DWK-21,35670400026241
2026-01-15T18:18:33+05:30,phone:ph37,phone:ph01,243,AZD-12,35673700026670
2026-06-08T05:48:38+05:30,phone:ph11,phone:ph09,340,KRB-08,35671100026332
2026-03-19T20:06:25+05:30,phone:ph04,phone:ph20,311,AZD-12,35670400026241
2026-04-22T20:09:22+05:30,phone:ph04,phone:ph02,515,GZP-09,35670400026241
2026-01-10T21:23:50+05:30,phone:ph39,phone:ph08,568,DWK-21,35673900026696
2026-06-08T23:06:48+05:30,phone:ph10,phone:ph06,292,AZD-12,35671000026319
2026-02-06T18:39:22+05:30,phone:ph02,phone:ph21,378,DWK-21,35670200026215
2026-03-20T20:46:25+05:30,phone:ph34,phone:ph33,161,KRB-08,35673400026631
2026-06-02T02:01:25+05:30,phone:ph04,phone:ph20,183,GZP-09,35670400026241
2026-02-03T22:46:54+05:30,phone:ph04,phone:ph02,457,DWK-21,35670400026241
2026-04-23T20:40:45+05:30,phone:ph28,phone:ph04,111,DWK-21,35672800026553
2026-05-21T01:53:23+05:30,phone:ph35,phone:ph27,295,NOI-63,35673500026644
2026-06-10T17:26:21+05:30,phone:ph14,phone:ph12,12,SBR-02,35671400026371
2026-03-23T15:43:23+05:30,phone:ph31,phone:ph17,216,UDY-01,35673100026592
2026-06-04T14:49:17+05:30,phone:ph10,phone:ph11,191,UDY-01,35671000026319
2026-03-16T21:24:43+05:30,phone:ph23,phone:ph30,204,DWK-21,35672300026488
2026-05-23T01:03:31+05:30,phone:ph37,phone:ph14,314,UDY-01,35673700026670
2026-03-16T02:49:26+05:30,phone:ph25,phone:ph18,555,KRB-08,35672500026514
2026-04-12T16:16:04+05:30,phone:ph20,phone:ph02,522,OKH-04,35672000026449
2026-03-12T22:43:17+05:30,phone:ph17,phone:ph01,502,SBR-02,35671700026410
2026-04-06T05:15:31+05:30,phone:ph09,phone:ph10,328,DWK-21,35670900026306
2026-01-26T21:14:09+05:30,phone:ph08,phone:ph11,151,UDY-01,35670800026293
2026-03-27T21:56:12+05:30,phone:ph18,phone:ph09,128,GZP-09,35671800026423
2026-05-26T22:44:54+05:30,phone:ph07,phone:ph08,396,AZD-12,35670700026280
2026-05-26T03:14:33+05:30,phone:ph00,phone:ph10,591,GZP-09,35670000026189
2026-05-20T20:10:14+05:30,phone:ph04,phone:ph02,61,NOI-63,35670400026241
2026-03-15T04:37:04+05:30,phone:ph20,phone:ph02,43,UDY-01,35672000026449
2026-04-12T04:28:18+05:30,phone:ph20,phone:ph02,230,NOI-63,35672000026449
2026-05-05T20:15:06+05:30,phone:ph15,phone:ph16,22,SBR-02,35671500026384
2026-04-29T06:20:54+05:30,phone:ph07,phone:ph08,166,SBR-02,35670700026280
2026-03-07T22:01:20+05:30,phone:ph39,phone:ph18,180,NOI-63,35673900026696
2026-06-04T00:50:27+05:30,phone:ph07,phone:ph10,593,AZD-12,35670700026280
2026-04-18T22:17:53+05:30,phone:ph27,phone:ph39,213,KRB-08,35672700026540
2026-03-10T20:00:56+05:30,phone:ph11,phone:ph06,219,DWK-21,35671100026332
2026-05-25T01:07:41+05:30,phone:ph04,phone:ph21,43,UDY-01,35670400026241
2026-04-14T23:35:31+05:30,phone:ph11,phone:ph07,261,AZD-12,35671100026332
2026-06-12T05:33:21+05:30,phone:ph28,phone:ph23,478,NOI-63,35672800026553
2026-01-31T21:45:48+05:30,phone:ph08,phone:ph06,311,GZP-09,35670800026293
2026-04-30T04:16:12+05:30,phone:ph26,phone:ph20,356,DWK-21,35672600026527
2026-02-04T17:57:43+05:30,phone:ph09,phone:ph11,302,OKH-04,35670900026306
2026-03-31T14:40:47+05:30,phone:ph20,phone:ph02,243,AZD-12,35672000026449
2026-03-30T17:37:57+05:30,phone:ph08,phone:ph09,16,OKH-04,35670800026293
2026-03-08T21:18:35+05:30,phone:ph09,phone:ph07,135,DWK-21,35670900026306
2026-05-08T02:04:37+05:30,phone:ph20,phone:ph04,534,GZP-09,35672000026449
2026-03-19T03:49:46+05:30,phone:ph23,phone:ph10,153,NOI-63,35672300026488
2026-02-09T04:02:49+05:30,phone:ph36,phone:ph24,235,OKH-04,35673600026657
2026-02-19T00:38:38+05:30,phone:ph07,phone:ph10,573,AZD-12,35670700026280
2026-01-18T03:25:01+05:30,phone:ph09,phone:ph06,513,NOI-63,35670900026306
2026-03-22T19:23:15+05:30,phone:ph06,phone:ph11,246,KRB-08,35670600026267
2026-03-16T16:58:52+05:30,phone:ph20,phone:ph02,369,OKH-04,35672000026449
2026-03-24T17:00:45+05:30,phone:ph20,phone:ph21,171,AZD-12,35672000026449
2026-02-21T00:30:33+05:30,phone:ph04,phone:ph02,60,SBR-02,35670400026241
2026-04-03T06:40:20+05:30,phone:ph07,phone:ph11,54,DWK-21,35670700026280
2026-01-19T19:46:11+05:30,phone:ph02,phone:ph04,74,DWK-21,35670200026215
2026-02-21T06:12:06+05:30,phone:ph04,phone:ph21,208,KRB-08,35670400026241
2026-01-10T16:52:12+05:30,phone:ph08,phone:ph10,391,DWK-21,35670800026293
2026-03-04T21:13:23+05:30,phone:ph10,phone:ph06,577,SBR-02,35671000026319
2026-04-13T16:05:11+05:30,phone:ph08,phone:ph26,509,KRB-08,35670800026293
2026-02-24T19:52:35+05:30,phone:ph21,phone:ph04,362,OKH-04,35672100026462
2026-04-01T14:38:42+05:30,phone:ph20,phone:ph23,13,SBR-02,35672000026449
2026-02-20T03:11:17+05:30,phone:ph05,phone:ph18,521,OKH-04,35670500026254
2026-05-06T02:06:49+05:30,phone:ph02,phone:ph01,281,KRB-08,35670200026215
2026-04-06T04:16:46+05:30,phone:ph11,phone:ph06,416,UDY-01,35671100026332
2026-05-18T15:48:14+05:30,phone:ph04,phone:ph21,193,UDY-01,35670400026241
2026-04-26T21:41:20+05:30,phone:ph20,phone:ph21,139,OKH-04,35672000026449
2026-06-08T21:51:51+05:30,phone:ph34,phone:ph37,48,SBR-02,35673400026631
2026-05-18T04:53:06+05:30,phone:ph04,phone:ph20,388,UDY-01,35670400026241
2026-02-07T22:20:54+05:30,phone:ph02,phone:ph04,420,OKH-04,35670200026215
2026-01-31T02:03:21+05:30,phone:ph37,phone:ph18,410,GZP-09,35673700026670
2026-01-12T23:38:22+05:30,phone:ph08,phone:ph11,449,AZD-12,35670800026293
2026-03-05T23:26:22+05:30,phone:ph31,phone:ph32,223,GZP-09,35673100026592
2026-02-15T02:39:42+05:30,phone:ph20,phone:ph04,356,NOI-63,35672000026449
2026-02-16T05:49:58+05:30,phone:ph37,phone:ph03,310,DWK-21,35673700026670
2026-01-15T19:59:18+05:30,phone:ph20,phone:ph22,152,AZD-12,35672000026449
2026-01-24T20:12:12+05:30,phone:ph04,phone:ph20,361,SBR-02,35670400026241
2026-01-27T17:57:12+05:30,phone:ph04,phone:ph21,356,GZP-09,35670400026241
2026-04-12T15:32:26+05:30,phone:ph08,phone:ph39,105,UDY-01,35670800026293
2026-06-06T02:04:07+05:30,phone:ph20,phone:ph04,402,NOI-63,35672000026449
2026-01-30T19:07:49+05:30,phone:ph16,phone:ph02,276,DWK-21,35671600026397
2026-02-23T22:56:09+05:30,phone:ph34,phone:ph36,323,DWK-21,35673400026631
2026-04-11T16:04:13+05:30,phone:ph20,phone:ph04,339,OKH-04,35672000026449
2026-06-10T19:08:47+05:30,phone:ph29,phone:ph22,355,NOI-63,35672900026566
2026-05-15T22:29:16+05:30,phone:ph21,phone:ph04,257,KRB-08,35672100026462
2026-02-05T05:15:35+05:30,phone:ph09,phone:ph06,82,UDY-01,35670900026306
2026-01-30T03:22:32+05:30,phone:ph10,phone:ph07,102,AZD-12,35671000026319
2026-03-22T06:27:43+05:30,phone:ph21,phone:ph01,416,AZD-12,35672100026462
2026-05-02T05:27:29+05:30,phone:ph11,phone:ph07,303,UDY-01,35671100026332
2026-04-08T05:34:57+05:30,phone:ph20,phone:ph04,416,NOI-63,35672000026449
2026-02-10T05:45:42+05:30,phone:ph12,phone:ph29,156,AZD-12,35671200026345
2026-05-11T20:21:49+05:30,phone:ph16,phone:ph01,392,AZD-12,35671600026397
2026-02-19T16:39:31+05:30,phone:ph10,phone:ph07,394,SBR-02,35671000026319
2026-03-30T19:50:39+05:30,phone:ph15,phone:ph19,329,AZD-12,35671500026384
2026-01-29T14:55:06+05:30,phone:ph11,phone:ph28,73,NOI-63,35671100026332
2026-04-20T17:12:34+05:30,phone:ph16,phone:ph10,277,OKH-04,35671600026397
2026-02-22T22:10:19+05:30,phone:ph08,phone:ph06,396,OKH-04,35670800026293
2026-02-09T06:09:13+05:30,phone:ph11,phone:ph10,24,UDY-01,35671100026332
2026-02-07T04:28:59+05:30,phone:ph21,phone:ph04,13,AZD-12,35672100026462
2026-03-25T22:03:24+05:30,phone:ph10,phone:ph01,215,KRB-08,35671000026319
2026-02-14T04:54:18+05:30,phone:ph06,phone:ph37,436,NOI-63,35670600026267
2026-04-10T22:58:45+05:30,phone:ph21,phone:ph02,34,GZP-09,35672100026462
2026-05-16T15:34:04+05:30,phone:ph09,phone:ph05,216,UDY-01,35670900026306
2026-02-04T05:53:48+05:30,phone:ph20,phone:ph04,414,GZP-09,35672000026449
2026-04-26T18:15:35+05:30,phone:ph20,phone:ph02,567,DWK-21,35672000026449
2026-03-01T16:06:31+05:30,phone:ph06,phone:ph10,253,SBR-02,35670600026267
2026-03-06T21:23:21+05:30,phone:ph08,phone:ph21,206,AZD-12,35670800026293
2026-01-09T05:11:58+05:30,phone:ph11,phone:ph08,385,NOI-63,35671100026332
2026-05-07T19:18:06+05:30,phone:ph20,phone:ph02,366,AZD-12,35672000026449
2026-02-12T16:25:15+05:30,phone:ph10,phone:ph07,507,UDY-01,35671000026319
2026-02-24T03:15:27+05:30,phone:ph08,phone:ph07,502,AZD-12,35670800026293
2026-04-19T05:41:52+05:30,phone:ph10,phone:ph06,76,DWK-21,35671000026319
2026-03-09T19:00:47+05:30,phone:ph09,phone:ph08,543,AZD-12,35670900026306
2026-04-11T21:59:34+05:30,phone:ph21,phone:ph02,51,AZD-12,35672100026462
2026-01-15T01:33:48+05:30,phone:ph20,phone:ph04,280,DWK-21,35672000026449
2026-05-01T16:00:57+05:30,phone:ph07,phone:ph06,587,NOI-63,35670700026280
2026-01-17T20:44:18+05:30,phone:ph07,phone:ph09,247,KRB-08,35670700026280
2026-04-30T22:47:00+05:30,phone:ph02,phone:ph20,47,AZD-12,35670200026215
2026-04-07T00:18:39+05:30,phone:ph04,phone:ph02,376,UDY-01,35670400026241
2026-05-30T06:26:09+05:30,phone:ph08,phone:ph06,255,NOI-63,35670800026293
2026-04-06T23:52:08+05:30,phone:ph04,phone:ph38,192,UDY-01,35670400026241
2026-05-31T02:25:28+05:30,phone:ph04,phone:ph20,528,DWK-21,35670400026241
2026-02-04T04:20:30+05:30,phone:ph25,phone:ph18,559,GZP-09,35672500026514
2026-02-19T02:01:52+05:30,phone:ph10,phone:ph11,427,DWK-21,35671000026319
2026-01-13T02:53:42+05:30,phone:ph36,phone:ph02,53,OKH-04,35673600026657
2026-03-24T15:24:33+05:30,phone:ph10,phone:ph06,354,SBR-02,35671000026319
2026-03-29T23:54:39+05:30,phone:ph02,phone:ph04,582,NOI-63,35670200026215
2026-01-09T05:01:14+05:30,phone:ph21,phone:ph04,30,NOI-63,35672100026462
2026-02-20T01:45:39+05:30,phone:ph11,phone:ph07,288,DWK-21,35671100026332
2026-06-02T18:39:37+05:30,phone:ph20,phone:ph04,335,SBR-02,35672000026449
2026-06-03T00:40:35+05:30,phone:ph11,phone:ph08,455,GZP-09,35671100026332
2026-06-12T22:16:17+05:30,phone:ph02,phone:ph04,154,SBR-02,35670200026215
2026-03-14T16:08:27+05:30,phone:ph08,phone:ph07,417,SBR-02,35670800026293
2026-05-26T06:52:27+05:30,phone:ph32,phone:ph31,117,GZP-09,35673200026605
2026-03-15T04:56:17+05:30,phone:ph33,phone:ph25,255,UDY-01,35673300026618
2026-04-06T06:18:38+05:30,phone:ph07,phone:ph10,420,SBR-02,35670700026280
2026-02-20T21:49:58+05:30,phone:ph20,phone:ph04,568,UDY-01,35672000026449
2026-06-06T04:53:37+05:30,phone:ph24,phone:ph05,365,UDY-01,35672400026501
2026-01-18T01:04:30+05:30,phone:ph11,phone:ph09,130,DWK-21,35671100026332
2026-05-26T04:17:07+05:30,phone:ph12,phone:ph18,319,AZD-12,35671200026345
2026-05-31T05:49:47+05:30,phone:ph21,phone:ph02,383,OKH-04,35672100026462
2026-04-20T16:43:25+05:30,phone:ph25,phone:ph19,404,NOI-63,35672500026514
2026-02-22T02:42:53+05:30,phone:ph23,phone:ph34,346,OKH-04,35672300026488
2026-03-12T06:22:08+05:30,phone:ph10,phone:ph07,481,KRB-08,35671000026319
2026-03-31T14:43:31+05:30,phone:ph08,phone:ph11,73,DWK-21,35670800026293
2026-03-22T05:16:22+05:30,phone:ph11,phone:ph08,578,SBR-02,35671100026332
2026-03-04T05:35:02+05:30,phone:ph04,phone:ph20,493,SBR-02,35670400026241
2026-05-28T02:38:02+05:30,phone:ph02,phone:ph20,69,AZD-12,35670200026215
2026-05-12T06:37:52+05:30,phone:ph04,phone:ph20,570,NOI-63,35670400026241
2026-03-21T20:57:26+05:30,phone:ph10,phone:ph18,81,DWK-21,35671000026319
2026-04-19T19:10:30+05:30,phone:ph28,phone:ph21,13,UDY-01,35672800026553
2026-06-08T05:29:24+05:30,phone:ph06,phone:ph09,557,GZP-09,35670600026267
2026-02-02T15:47:33+05:30,phone:ph02,phone:ph21,372,OKH-04,35670200026215
2026-03-26T15:48:18+05:30,phone:ph07,phone:ph06,161,GZP-09,35670700026280
2026-03-08T22:38:40+05:30,phone:ph04,phone:ph20,590,KRB-08,35670400026241
2026-02-26T17:09:58+05:30,phone:ph04,phone:ph20,480,AZD-12,35670400026241
2026-02-27T17:11:12+05:30,phone:ph02,phone:ph21,162,SBR-02,35670200026215
2026-04-03T02:50:20+05:30,phone:ph18,phone:ph02,151,DWK-21,35671800026423
2026-03-25T20:04:34+05:30,phone:ph02,phone:ph21,460,OKH-04,35670200026215
2026-02-21T00:04:59+05:30,phone:ph34,phone:ph39,36,DWK-21,35673400026631
2026-02-01T01:43:59+05:30,phone:ph04,phone:ph02,132,DWK-21,35670400026241
2026-01-12T23:20:26+05:30,phone:ph02,phone:ph20,264,NOI-63,35670200026215
2026-05-31T14:36:20+05:30,phone:ph08,phone:ph11,280,OKH-04,35670800026293
2026-05-06T15:43:44+05:30,phone:ph11,phone:ph07,161,KRB-08,35671100026332
2026-02-17T06:28:22+05:30,phone:ph28,phone:ph02,532,SBR-02,35672800026553
2026-01-13T21:22:56+05:30,phone:ph08,phone:ph06,321,NOI-63,35670800026293
2026-04-07T00:50:23+05:30,phone:ph04,phone:ph20,93,AZD-12,35670400026241
2026-01-07T15:39:17+05:30,phone:ph04,phone:ph21,514,NOI-63,35670400026241
2026-03-20T04:40:59+05:30,phone:ph02,phone:ph04,313,AZD-12,35670200026215
2026-03-19T02:50:56+05:30,phone:ph13,phone:ph16,280,DWK-21,35671300026358
2026-05-29T00:07:50+05:30,phone:ph20,phone:ph02,421,NOI-63,35672000026449
2026-05-14T06:51:38+05:30,phone:ph20,phone:ph02,290,DWK-21,35672000026449
2026-06-13T00:25:55+05:30,phone:ph04,phone:ph02,140,UDY-01,35670400026241
2026-04-09T23:02:04+05:30,phone:ph09,phone:ph10,27,OKH-04,35670900026306
2026-01-16T02:30:58+05:30,phone:ph08,phone:ph09,403,KRB-08,35670800026293
2026-03-15T01:20:09+05:30,phone:ph04,phone:ph02,247,SBR-02,35670400026241
2026-04-25T14:34:54+05:30,phone:ph32,phone:ph26,278,DWK-21,35673200026605
2026-05-04T18:19:03+05:30,phone:ph08,phone:ph09,460,GZP-09,35670800026293
2026-01-07T14:48:35+05:30,phone:ph21,phone:ph04,187,KRB-08,35672100026462
2026-01-31T21:03:18+05:30,phone:ph09,phone:ph07,194,SBR-02,35670900026306
2026-04-04T15:37:19+05:30,phone:ph14,phone:ph23,465,GZP-09,35671400026371
2026-04-30T01:16:27+05:30,phone:ph20,phone:ph21,574,NOI-63,35672000026449
2026-02-10T23:16:28+05:30,phone:ph26,phone:ph32,308,SBR-02,35672600026527
2026-01-09T22:17:02+05:30,phone:ph02,phone:ph20,403,AZD-12,35670200026215
2026-04-26T02:56:51+05:30,phone:ph09,phone:ph08,78,NOI-63,35670900026306
2026-03-27T04:00:41+05:30,phone:ph18,phone:ph27,360,AZD-12,35671800026423
2026-02-26T19:11:08+05:30,phone:ph11,phone:ph07,17,SBR-02,35671100026332
2026-05-20T21:03:23+05:30,phone:ph10,phone:ph06,35,KRB-08,35671000026319
2026-01-25T05:48:57+05:30,phone:ph08,phone:ph06,204,DWK-21,35670800026293
2026-06-07T05:57:33+05:30,phone:ph02,phone:ph20,79,DWK-21,35670200026215
2026-06-03T14:18:10+05:30,phone:ph21,phone:ph35,30,DWK-21,35672100026462
2026-03-28T05:07:05+05:30,phone:ph29,phone:ph23,83,SBR-02,35672900026566
2026-03-17T20:56:43+05:30,phone:ph04,phone:ph20,527,DWK-21,35670400026241
2026-03-16T22:30:07+05:30,phone:ph10,phone:ph27,585,GZP-09,35671000026319
2026-05-26T14:23:36+05:30,phone:ph02,phone:ph04,13,GZP-09,35670200026215
2026-02-24T21:05:58+05:30,phone:ph36,phone:ph24,520,NOI-63,35673600026657
2026-02-22T04:56:45+05:30,phone:ph30,phone:ph33,52,NOI-63,35673000026579
2026-04-15T22:13:06+05:30,phone:ph02,phone:ph20,443,OKH-04,35670200026215
2026-03-07T02:03:10+05:30,phone:ph21,phone:ph02,538,OKH-04,35672100026462
2026-04-12T04:28:56+05:30,phone:ph20,phone:ph26,527,DWK-21,35672000026449
2026-02-14T21:05:32+05:30,phone:ph01,phone:ph10,482,UDY-01,35670100026202
2026-02-14T04:37:19+05:30,phone:ph25,phone:ph37,378,NOI-63,35672500026514
2026-04-10T01:01:01+05:30,phone:ph16,phone:ph01,479,AZD-12,35671600026397
2026-02-21T14:36:14+05:30,phone:ph07,phone:ph06,445,SBR-02,35670700026280
2026-04-13T06:01:30+05:30,phone:ph03,phone:ph16,137,AZD-12,35670300026228
2026-04-12T14:50:34+05:30,phone:ph19,phone:ph11,393,OKH-04,35671900026436
2026-05-24T14:43:28+05:30,phone:ph20,phone:ph02,581,KRB-08,35672000026449
2026-01-22T20:32:58+05:30,phone:ph20,phone:ph04,100,KRB-08,35672000026449
2026-03-23T20:44:40+05:30,phone:ph02,phone:ph20,499,OKH-04,35670200026215
2026-03-23T22:41:37+05:30,phone:ph11,phone:ph39,72,UDY-01,35671100026332
2026-03-21T20:15:40+05:30,phone:ph11,phone:ph07,475,OKH-04,35671100026332
2026-02-04T01:49:43+05:30,phone:ph20,phone:ph21,111,KRB-08,35672000026449
2026-02-06T19:52:40+05:30,phone:ph10,phone:ph07,581,DWK-21,35671000026319
2026-05-26T20:53:15+05:30,phone:ph10,phone:ph09,447,GZP-09,35671000026319
2026-05-20T18:52:30+05:30,phone:ph04,phone:ph21,46,KRB-08,35670400026241
2026-03-06T19:37:16+05:30,phone:ph02,phone:ph21,337,UDY-01,35670200026215
2026-04-26T04:23:37+05:30,phone:ph21,phone:ph04,214,OKH-04,35672100026462
2026-02-13T15:26:19+05:30,phone:ph06,phone:ph07,549,DWK-21,35670600026267
2026-03-15T01:01:29+05:30,phone:ph24,phone:ph28,130,KRB-08,35672400026501
2026-01-05T20:57:50+05:30,phone:ph11,phone:ph10,354,KRB-08,35671100026332
2026-06-10T03:23:15+05:30,phone:ph04,phone:ph29,324,SBR-02,35670400026241
2026-04-28T20:43:33+05:30,phone:ph16,phone:ph19,302,DWK-21,35671600026397
2026-06-04T04:01:45+05:30,phone:ph21,phone:ph02,24,OKH-04,35672100026462
2026-05-16T02:00:16+05:30,phone:ph06,phone:ph11,472,OKH-04,35670600026267
2026-04-01T02:55:48+05:30,phone:ph09,phone:ph10,554,OKH-04,35670900026306
2026-03-25T00:34:37+05:30,phone:ph17,phone:ph28,245,OKH-04,35671700026410
2026-02-17T17:35:13+05:30,phone:ph11,phone:ph08,304,GZP-09,35671100026332
2026-03-19T01:17:44+05:30,phone:ph32,phone:ph34,532,UDY-01,35673200026605
2026-03-03T04:03:51+05:30,phone:ph04,phone:ph02,587,KRB-08,35670400026241
2026-01-17T16:47:18+05:30,phone:ph08,phone:ph10,87,UDY-01,35670800026293
2026-03-12T22:07:10+05:30,phone:ph08,phone:ph07,30,DWK-21,35670800026293
2026-06-10T20:03:44+05:30,phone:ph08,phone:ph09,103,GZP-09,35670800026293
2026-01-25T00:00:00+05:30,phone:ph21,phone:ph04,62,OKH-04,35672100026462
2026-06-05T00:58:22+05:30,phone:ph21,phone:ph13,177,UDY-01,35672100026462
2026-03-18T16:30:34+05:30,phone:ph08,phone:ph10,191,NOI-63,35670800026293
2026-06-13T00:07:30+05:30,phone:ph11,phone:ph09,42,KRB-08,35671100026332
2026-04-16T14:31:12+05:30,phone:ph19,phone:ph15,64,NOI-63,35671900026436
2026-05-23T04:33:44+05:30,phone:ph02,phone:ph04,391,UDY-01,35670200026215
2026-02-10T23:38:34+05:30,phone:ph22,phone:ph08,26,UDY-01,35672200026475
2026-05-20T18:41:21+05:30,phone:ph24,phone:ph15,530,DWK-21,35672400026501
2026-03-02T19:01:47+05:30,phone:ph33,phone:ph03,318,GZP-09,35673300026618
2026-06-07T15:16:14+05:30,phone:ph02,phone:ph04,310,DWK-21,35670200026215
2026-05-14T18:50:19+05:30,phone:ph03,phone:ph28,501,UDY-01,35670300026228
2026-04-08T17:01:56+05:30,phone:ph00,phone:ph24,139,GZP-09,35670000026189
2026-02-18T02:55:19+05:30,phone:ph02,phone:ph20,367,NOI-63,35670200026215
2026-02-28T18:47:37+05:30,phone:ph20,phone:ph04,135,SBR-02,35672000026449
2026-05-11T05:29:53+05:30,phone:ph17,phone:ph08,60,AZD-12,35671700026410
2026-01-12T01:06:47+05:30,phone:ph06,phone:ph29,342,DWK-21,35670600026267
2026-01-24T21:12:04+05:30,phone:ph20,phone:ph04,165,AZD-12,35672000026449
2026-04-12T14:52:48+05:30,phone:ph11,phone:ph05,133,NOI-63,35671100026332
2026-01-27T17:45:42+05:30,phone:ph20,phone:ph02,218,SBR-02,35672000026449
2026-02-13T21:10:58+05:30,phone:ph07,phone:ph11,79,OKH-04,35670700026280
2026-01-12T15:51:46+05:30,phone:ph06,phone:ph08,510,UDY-01,35670600026267
2026-06-07T15:29:25+05:30,phone:ph02,phone:ph21,331,KRB-08,35670200026215
2026-04-30T23:55:36+05:30,phone:ph10,phone:ph08,520,AZD-12,35671000026319
2026-02-19T05:03:33+05:30,phone:ph09,phone:ph07,170,KRB-08,35670900026306
2026-01-29T14:01:03+05:30,phone:ph11,phone:ph09,425,OKH-04,35671100026332
2026-03-08T14:09:01+05:30,phone:ph09,phone:ph08,353,OKH-04,35670900026306
2026-04-28T00:51:15+05:30,phone:ph06,phone:ph38,212,OKH-04,35670600026267
2026-04-07T16:11:14+05:30,phone:ph10,phone:ph09,38,GZP-09,35671000026319
2026-04-06T00:44:16+05:30,phone:ph20,phone:ph04,26,AZD-12,35672000026449
2026-03-30T06:24:15+05:30,phone:ph05,phone:ph09,492,SBR-02,35670500026254
2026-03-05T06:18:50+05:30,phone:ph08,phone:ph07,229,SBR-02,35670800026293
2026-01-14T20:55:57+05:30,phone:ph09,phone:ph10,114,OKH-04,35670900026306
2026-04-05T20:02:15+05:30,phone:ph04,phone:ph20,464,GZP-09,35670400026241
2026-06-14T00:34:59+05:30,phone:ph08,phone:ph06,29,GZP-09,35670800026293
2026-05-29T03:18:40+05:30,phone:ph10,phone:ph06,292,OKH-04,35671000026319
2026-04-03T03:02:11+05:30,phone:ph11,phone:ph07,203,NOI-63,35671100026332
2026-05-31T05:31:25+05:30,phone:ph04,phone:ph21,172,OKH-04,35670400026241
2026-05-18T04:28:25+05:30,phone:ph32,phone:ph24,205,NOI-63,35673200026605
2026-03-10T05:33:43+05:30,phone:ph10,phone:ph09,548,OKH-04,35671000026319
2026-03-19T18:41:30+05:30,phone:ph04,phone:ph02,58,KRB-08,35670400026241
2026-03-25T23:24:30+05:30,phone:ph07,phone:ph11,229,GZP-09,35670700026280
2026-06-06T17:27:06+05:30,phone:ph21,phone:ph20,207,DWK-21,35672100026462
2026-05-22T16:25:32+05:30,phone:ph20,phone:ph02,57,KRB-08,35672000026449
2026-06-06T14:54:07+05:30,phone:ph11,phone:ph08,199,KRB-08,35671100026332
2026-01-21T05:40:09+05:30,phone:ph16,phone:ph20,175,UDY-01,35671600026397
2026-03-27T16:43:22+05:30,phone:ph08,phone:ph11,255,GZP-09,35670800026293
2026-04-03T00:09:59+05:30,phone:ph20,phone:ph21,458,KRB-08,35672000026449
2026-02-02T21:25:50+05:30,phone:ph39,phone:ph08,235,DWK-21,35673900026696
2026-03-06T18:16:00+05:30,phone:ph04,phone:ph20,40,DWK-21,35670400026241
2026-01-23T17:37:54+05:30,phone:ph06,phone:ph11,240,NOI-63,35670600026267
2026-06-07T06:22:46+05:30,phone:ph07,phone:ph08,538,NOI-63,35670700026280
2026-02-23T22:51:41+05:30,phone:ph33,phone:ph04,277,NOI-63,35673300026618
2026-02-22T19:42:31+05:30,phone:ph15,phone:ph32,170,AZD-12,35671500026384
2026-02-03T22:44:46+05:30,phone:ph07,phone:ph11,197,UDY-01,35670700026280
2026-01-28T15:17:22+05:30,phone:ph10,phone:ph06,295,UDY-01,35671000026319
2026-04-07T04:42:44+05:30,phone:ph04,phone:ph20,188,NOI-63,35670400026241
2026-05-31T18:36:41+05:30,phone:ph01,phone:ph32,486,DWK-21,35670100026202
2026-02-14T14:38:48+05:30,phone:ph10,phone:ph06,201,OKH-04,35671000026319
2026-01-15T05:51:18+05:30,phone:ph04,phone:ph21,44,OKH-04,35670400026241
2026-05-14T15:16:14+05:30,phone:ph04,phone:ph21,280,KRB-08,35670400026241
2026-06-01T17:43:54+05:30,phone:ph20,phone:ph05,158,SBR-02,35672000026449
2026-03-24T16:33:45+05:30,phone:ph02,phone:ph04,526,AZD-12,35670200026215
2026-01-16T17:26:33+05:30,phone:ph10,phone:ph07,475,GZP-09,35671000026319
2026-05-29T19:27:00+05:30,phone:ph31,phone:ph19,158,SBR-02,35673100026592
2026-05-20T18:31:24+05:30,phone:ph08,phone:ph10,123,DWK-21,35670800026293
2026-04-18T20:26:31+05:30,phone:ph06,phone:ph10,511,UDY-01,35670600026267
2026-02-22T22:40:35+05:30,phone:ph06,phone:ph10,167,AZD-12,35670600026267
2026-02-24T17:36:57+05:30,phone:ph09,phone:ph08,573,AZD-12,35670900026306
2026-02-18T21:46:50+05:30,phone:ph11,phone:ph07,450,AZD-12,35671100026332
2026-05-25T05:29:01+05:30,phone:ph20,phone:ph04,396,OKH-04,35672000026449
2026-05-05T20:05:51+05:30,phone:ph02,phone:ph21,97,NOI-63,35670200026215
2026-02-25T23:37:05+05:30,phone:ph08,phone:ph11,58,KRB-08,35670800026293
2026-02-16T02:37:30+05:30,phone:ph33,phone:ph27,104,UDY-01,35673300026618
2026-05-12T18:33:41+05:30,phone:ph04,phone:ph02,390,DWK-21,35670400026241
2026-04-07T01:11:08+05:30,phone:ph04,phone:ph20,79,GZP-09,35670400026241
2026-01-27T00:18:10+05:30,phone:ph21,phone:ph02,572,KRB-08,35672100026462
2026-01-13T19:27:16+05:30,phone:ph21,phone:ph02,393,SBR-02,35672100026462
2026-03-25T18:49:06+05:30,phone:ph39,phone:ph32,336,DWK-21,35673900026696
2026-02-10T23:29:28+05:30,phone:ph31,phone:ph37,265,KRB-08,35673100026592
2026-05-29T18:24:46+05:30,phone:ph09,phone:ph12,597,KRB-08,35670900026306
2026-03-14T02:35:53+05:30,phone:ph07,phone:ph06,465,AZD-12,35670700026280
2026-06-01T01:21:56+05:30,phone:ph08,phone:ph12,178,DWK-21,35670800026293
2026-06-15T02:00:28+05:30,phone:ph07,phone:ph35,368,AZD-12,35670700026280
2026-05-20T00:02:27+05:30,phone:ph20,phone:ph04,548,AZD-12,35672000026449
2026-02-02T16:05:45+05:30,phone:ph08,phone:ph11,211,GZP-09,35670800026293
2026-05-28T06:57:34+05:30,phone:ph02,phone:ph04,165,UDY-01,35670200026215
2026-02-08T14:47:49+05:30,phone:ph16,phone:ph28,167,NOI-63,35671600026397
2026-03-09T03:58:23+05:30,phone:ph01,phone:ph24,312,UDY-01,35670100026202
2026-05-13T22:34:09+05:30,phone:ph08,phone:ph09,537,DWK-21,35670800026293
2026-01-22T15:02:56+05:30,phone:ph11,phone:ph10,507,GZP-09,35671100026332
2026-01-09T05:00:15+05:30,phone:ph09,phone:ph11,58,UDY-01,35670900026306
2026-03-08T05:46:12+05:30,phone:ph32,phone:ph34,487,OKH-04,35673200026605
2026-05-24T22:53:39+05:30,phone:ph09,phone:ph07,219,KRB-08,35670900026306
2026-04-14T14:37:21+05:30,phone:ph11,phone:ph06,305,SBR-02,35671100026332
2026-02-27T14:46:41+05:30,phone:ph04,phone:ph20,557,KRB-08,35670400026241
2026-01-21T22:24:44+05:30,phone:ph37,phone:ph07,156,OKH-04,35673700026670
2026-06-02T17:11:07+05:30,phone:ph11,phone:ph08,72,AZD-12,35671100026332
2026-02-06T23:49:35+05:30,phone:ph02,phone:ph20,428,UDY-01,35670200026215
2026-02-05T05:56:05+05:30,phone:ph08,phone:ph09,556,UDY-01,35670800026293
2026-06-03T15:29:59+05:30,phone:ph20,phone:ph21,576,DWK-21,35672000026449
2026-01-15T01:00:50+05:30,phone:ph04,phone:ph02,94,AZD-12,35670400026241
2026-04-15T21:41:08+05:30,phone:ph04,phone:ph21,53,SBR-02,35670400026241
2026-01-26T06:07:00+05:30,phone:ph04,phone:ph02,528,SBR-02,35670400026241
2026-03-18T18:20:45+05:30,phone:ph01,phone:ph23,417,NOI-63,35670100026202
2026-06-05T23:09:59+05:30,phone:ph21,phone:ph20,16,AZD-12,35672100026462
2026-01-20T18:00:29+05:30,phone:ph15,phone:ph25,319,DWK-21,35671500026384
2026-05-15T23:55:21+05:30,phone:ph19,phone:ph15,55,UDY-01,35671900026436
2026-06-10T01:57:47+05:30,phone:ph07,phone:ph06,323,KRB-08,35670700026280
2026-04-01T05:45:24+05:30,phone:ph08,phone:ph10,241,GZP-09,35670800026293
2026-02-25T18:10:59+05:30,phone:ph10,phone:ph08,349,AZD-12,35671000026319
2026-03-27T04:27:41+05:30,phone:ph08,phone:ph06,81,UDY-01,35670800026293
2026-03-20T16:18:01+05:30,phone:ph11,phone:ph09,88,AZD-12,35671100026332
2026-02-12T06:03:20+05:30,phone:ph20,phone:ph15,172,AZD-12,35672000026449
2026-01-23T15:32:43+05:30,phone:ph02,phone:ph04,570,NOI-63,35670200026215
2026-01-10T17:45:11+05:30,phone:ph29,phone:ph27,248,SBR-02,35672900026566
2026-03-10T04:08:43+05:30,phone:ph20,phone:ph04,542,OKH-04,35672000026449
2026-01-20T01:14:08+05:30,phone:ph11,phone:ph07,462,NOI-63,35671100026332
2026-06-02T22:04:31+05:30,phone:ph23,phone:ph18,545,DWK-21,35672300026488
2026-04-25T22:51:26+05:30,phone:ph21,phone:ph04,449,AZD-12,35672100026462
2026-03-22T02:36:55+05:30,phone:ph04,phone:ph02,23,AZD-12,35670400026241
2026-04-19T18:23:43+05:30,phone:ph11,phone:ph07,536,OKH-04,35671100026332
2026-01-13T06:37:02+05:30,phone:ph08,phone:ph11,567,OKH-04,35670800026293
2026-01-15T02:17:34+05:30,phone:ph04,phone:ph20,241,SBR-02,35670400026241
2026-02-26T23:54:10+05:30,phone:ph34,phone:ph07,207,NOI-63,35673400026631
2026-03-07T04:36:16+05:30,phone:ph06,phone:ph08,399,GZP-09,35670600026267
2026-05-22T05:26:38+05:30,phone:ph31,phone:ph30,15,GZP-09,35673100026592
2026-01-15T15:23:57+05:30,phone:ph02,phone:ph04,215,GZP-09,35670200026215
2026-03-02T03:18:14+05:30,phone:ph07,phone:ph09,452,DWK-21,35670700026280
2026-03-29T15:51:55+05:30,phone:ph08,phone:ph10,85,GZP-09,35670800026293
2026-05-15T02:34:10+05:30,phone:ph21,phone:ph02,353,UDY-01,35672100026462
2026-03-28T21:19:20+05:30,phone:ph12,phone:ph18,213,KRB-08,35671200026345
2026-04-12T18:37:40+05:30,phone:ph12,phone:ph25,463,AZD-12,35671200026345
2026-02-14T04:11:58+05:30,phone:ph14,phone:ph24,125,NOI-63,35671400026371
2026-04-05T16:51:53+05:30,phone:ph10,phone:ph26,98,AZD-12,35671000026319
2026-04-17T22:22:42+05:30,phone:ph20,phone:ph04,163,UDY-01,35672000026449
2026-06-05T16:17:32+05:30,phone:ph09,phone:ph11,325,AZD-12,35670900026306
2026-02-11T23:09:48+05:30,phone:ph20,phone:ph04,185,NOI-63,35672000026449
2026-05-20T01:41:15+05:30,phone:ph20,phone:ph02,320,NOI-63,35672000026449
2026-05-17T14:50:16+05:30,phone:ph11,phone:ph08,592,GZP-09,35671100026332
2026-04-23T02:16:25+05:30,phone:ph08,phone:ph10,294,SBR-02,35670800026293
2026-05-27T04:13:34+05:30,phone:ph21,phone:ph20,422,GZP-09,35672100026462
2026-02-15T01:09:16+05:30,phone:ph39,phone:ph27,186,UDY-01,35673900026696
2026-04-09T20:21:13+05:30,phone:ph06,phone:ph10,18,UDY-01,35670600026267
2026-02-18T18:05:31+05:30,phone:ph02,phone:ph21,505,KRB-08,35670200026215
2026-04-12T18:17:44+05:30,phone:ph02,phone:ph04,160,KRB-08,35670200026215
2026-03-13T19:50:03+05:30,phone:ph31,phone:ph23,162,KRB-08,35673100026592
2026-01-24T00:45:26+05:30,phone:ph09,phone:ph10,42,UDY-01,35670900026306
2026-02-25T21:46:51+05:30,phone:ph20,phone:ph04,174,AZD-12,35672000026449
2026-04-29T20:16:23+05:30,phone:ph10,phone:ph34,347,NOI-63,35671000026319
2026-03-08T01:11:51+05:30,phone:ph11,phone:ph09,288,DWK-21,35671100026332
2026-03-20T21:58:26+05:30,phone:ph21,phone:ph20,471,AZD-12,35672100026462
2026-02-22T23:28:13+05:30,phone:ph06,phone:ph08,222,GZP-09,35670600026267
2026-06-04T01:09:23+05:30,phone:ph02,phone:ph04,150,KRB-08,35670200026215
2026-05-28T01:20:25+05:30,phone:ph10,phone:ph08,340,NOI-63,35671000026319
2026-02-23T18:11:08+05:30,phone:ph02,phone:ph04,431,NOI-63,35670200026215
2026-05-01T05:36:47+05:30,phone:ph09,phone:ph11,437,NOI-63,35670900026306
2026-01-20T14:09:06+05:30,phone:ph13,phone:ph27,316,SBR-02,35671300026358
2026-04-25T02:54:49+05:30,phone:ph03,phone:ph02,28,OKH-04,35670300026228
2026-04-26T06:49:25+05:30,phone:ph10,phone:ph08,141,KRB-08,35671000026319
2026-03-20T03:54:32+05:30,phone:ph20,phone:ph21,557,GZP-09,35672000026449
2026-01-25T19:06:27+05:30,phone:ph08,phone:ph11,53,UDY-01,35670800026293
2026-05-28T20:03:32+05:30,phone:ph37,phone:ph09,398,KRB-08,35673700026670
2026-06-08T23:51:59+05:30,phone:ph02,phone:ph04,56,DWK-21,35670200026215
2026-06-07T17:03:30+05:30,phone:ph04,phone:ph20,224,DWK-21,35670400026241
2026-04-23T02:56:20+05:30,phone:ph04,phone:ph21,552,GZP-09,35670400026241
2026-03-30T18:46:38+05:30,phone:ph21,phone:ph04,476,AZD-12,35672100026462
2026-03-25T22:38:03+05:30,phone:ph11,phone:ph10,474,AZD-12,35671100026332
2026-02-15T22:24:45+05:30,phone:ph38,phone:ph27,185,GZP-09,35673800026683
2026-03-19T18:22:37+05:30,phone:ph08,phone:ph10,202,OKH-04,35670800026293
2026-05-31T14:02:42+05:30,phone:ph14,phone:ph01,229,SBR-02,35671400026371
2026-03-22T18:02:11+05:30,phone:ph10,phone:ph38,529,NOI-63,35671000026319
2026-02-07T23:47:50+05:30,phone:ph21,phone:ph04,32,SBR-02,35672100026462
2026-01-27T02:42:43+05:30,phone:ph10,phone:ph07,387,UDY-01,35671000026319
2026-01-21T05:49:33+05:30,phone:ph04,phone:ph02,24,GZP-09,35670400026241
2026-03-27T03:05:30+05:30,phone:ph20,phone:ph02,463,SBR-02,35672000026449
2026-03-06T23:00:26+05:30,phone:ph04,phone:ph21,560,UDY-01,35670400026241
2026-04-13T23:02:22+05:30,phone:ph20,phone:ph04,438,AZD-12,35672000026449
2026-04-23T14:09:29+05:30,phone:ph21,phone:ph02,133,SBR-02,35672100026462
2026-01-09T19:07:49+05:30,phone:ph07,phone:ph24,403,SBR-02,35670700026280
2026-04-27T18:09:02+05:30,phone:ph34,phone:ph15,135,NOI-63,35673400026631
2026-01-21T20:49:57+05:30,phone:ph10,phone:ph11,520,UDY-01,35671000026319
2026-05-29T04:17:17+05:30,phone:ph02,phone:ph21,251,AZD-12,35670200026215
2026-03-12T21:23:30+05:30,phone:ph05,phone:ph02,278,KRB-08,35670500026254
2026-01-14T20:24:59+05:30,phone:ph29,phone:ph27,290,SBR-02,35672900026566
2026-01-26T23:06:16+05:30,phone:ph11,phone:ph35,222,NOI-63,35671100026332
2026-03-10T14:37:51+05:30,phone:ph20,phone:ph02,597,NOI-63,35672000026449
2026-06-01T14:21:11+05:30,phone:ph21,phone:ph20,180,KRB-08,35672100026462
2026-04-21T05:33:45+05:30,phone:ph02,phone:ph04,503,OKH-04,35670200026215
2026-05-21T23:26:59+05:30,phone:ph20,phone:ph02,56,NOI-63,35672000026449
2026-04-15T21:37:15+05:30,phone:ph04,phone:ph21,87,GZP-09,35670400026241
2026-06-01T16:06:25+05:30,phone:ph07,phone:ph09,76,AZD-12,35670700026280
2026-03-29T04:47:27+05:30,phone:ph04,phone:ph02,553,GZP-09,35670400026241
2026-06-08T22:48:32+05:30,phone:ph08,phone:ph07,323,UDY-01,35670800026293
2026-01-05T16:03:10+05:30,phone:ph08,phone:ph06,571,DWK-21,35670800026293
2026-05-04T00:20:26+05:30,phone:ph31,phone:ph13,139,UDY-01,35673100026592
2026-06-07T14:33:42+05:30,phone:ph04,phone:ph20,120,UDY-01,35670400026241
2026-04-07T19:08:46+05:30,phone:ph20,phone:ph21,201,DWK-21,35672000026449
2026-03-07T22:35:30+05:30,phone:ph09,phone:ph08,280,SBR-02,35670900026306
2026-04-11T20:06:27+05:30,phone:ph21,phone:ph04,597,AZD-12,35672100026462
2026-01-18T14:22:57+05:30,phone:ph08,phone:ph11,397,DWK-21,35670800026293
2026-02-20T20:32:47+05:30,phone:ph20,phone:ph02,190,OKH-04,35672000026449
2026-03-13T04:50:00+05:30,phone:ph16,phone:ph07,130,KRB-08,35671600026397
2026-01-29T23:39:55+05:30,phone:ph21,phone:ph20,20,NOI-63,35672100026462
2026-04-15T18:20:35+05:30,phone:ph08,phone:ph10,540,DWK-21,35670800026293
2026-03-07T23:15:56+05:30,phone:ph08,phone:ph09,218,DWK-21,35670800026293
2026-05-14T06:46:34+05:30,phone:ph08,phone:ph10,105,OKH-04,35670800026293
2026-04-08T00:54:22+05:30,phone:ph11,phone:ph10,524,NOI-63,35671100026332
2026-04-15T14:50:08+05:30,phone:ph04,phone:ph34,322,OKH-04,35670400026241
2026-02-05T02:08:53+05:30,phone:ph10,phone:ph08,485,NOI-63,35671000026319
2026-01-28T20:59:00+05:30,phone:ph13,phone:ph11,250,GZP-09,35671300026358
2026-03-05T15:59:56+05:30,phone:ph10,phone:ph11,273,UDY-01,35671000026319
2026-02-25T16:43:07+05:30,phone:ph20,phone:ph21,18,AZD-12,35672000026449
2026-02-11T03:44:55+05:30,phone:ph37,phone:ph09,345,DWK-21,35673700026670
2026-04-27T05:56:49+05:30,phone:ph08,phone:ph10,354,NOI-63,35670800026293
2026-03-19T18:10:12+05:30,phone:ph07,phone:ph06,35,GZP-09,35670700026280
2026-06-06T19:34:02+05:30,phone:ph11,phone:ph10,326,NOI-63,35671100026332
2026-03-16T23:31:02+05:30,phone:ph09,phone:ph08,353,NOI-63,35670900026306
2026-02-24T00:48:48+05:30,phone:ph02,phone:ph21,75,OKH-04,35670200026215
2026-05-20T19:21:50+05:30,phone:ph11,phone:ph07,161,OKH-04,35671100026332
2026-06-01T22:43:21+05:30,phone:ph10,phone:ph09,91,SBR-02,35671000026319
2026-03-28T06:17:32+05:30,phone:ph21,phone:ph02,236,DWK-21,35672100026462
2026-01-29T05:12:20+05:30,phone:ph19,phone:ph33,380,UDY-01,35671900026436
2026-05-06T01:32:28+05:30,phone:ph04,phone:ph21,133,KRB-08,35670400026241
2026-05-04T14:26:08+05:30,phone:ph11,phone:ph10,70,OKH-04,35671100026332
2026-01-28T17:45:36+05:30,phone:ph04,phone:ph02,37,OKH-04,35670400026241
2026-02-03T00:29:02+05:30,phone:ph12,phone:ph04,83,GZP-09,35671200026345
2026-03-17T18:30:58+05:30,phone:ph08,phone:ph06,224,UDY-01,35670800026293
2026-02-25T01:22:15+05:30,phone:ph33,phone:ph04,281,GZP-09,35673300026618
2026-02-17T20:54:47+05:30,phone:ph20,phone:ph02,35,GZP-09,35672000026449
2026-02-28T01:19:38+05:30,phone:ph08,phone:ph11,535,GZP-09,35670800026293
2026-01-28T19:58:30+05:30,phone:ph09,phone:ph07,186,UDY-01,35670900026306
2026-06-02T15:16:20+05:30,phone:ph12,phone:ph00,317,NOI-63,35671200026345
2026-03-21T14:01:51+05:30,phone:ph11,phone:ph06,189,NOI-63,35671100026332
2026-02-15T19:52:35+05:30,phone:ph06,phone:ph07,291,SBR-02,35670600026267
2026-01-14T16:33:00+05:30,phone:ph10,phone:ph06,501,UDY-01,35671000026319
2026-05-05T00:55:29+05:30,phone:ph11,phone:ph19,461,SBR-02,35671100026332
2026-05-29T15:15:57+05:30,phone:ph20,phone:ph21,91,DWK-21,35672000026449
2026-01-27T23:01:16+05:30,phone:ph10,phone:ph07,408,OKH-04,35671000026319
2026-05-28T20:29:19+05:30,phone:ph02,phone:ph20,106,DWK-21,35670200026215
2026-01-10T17:12:03+05:30,phone:ph07,phone:ph06,147,UDY-01,35670700026280
2026-05-08T15:08:35+05:30,phone:ph34,phone:ph37,473,OKH-04,35673400026631
2026-02-10T16:43:57+05:30,phone:ph08,phone:ph14,239,SBR-02,35670800026293
2026-03-21T19:04:46+05:30,phone:ph16,phone:ph00,183,GZP-09,35671600026397
2026-06-14T18:02:12+05:30,phone:ph10,phone:ph27,430,AZD-12,35671000026319
2026-06-09T21:40:00+05:30,phone:ph04,phone:ph02,97,SBR-02,35670400026241
2026-05-18T04:54:54+05:30,phone:ph20,phone:ph02,12,UDY-01,35672000026449
2026-05-05T04:13:53+05:30,phone:ph21,phone:ph20,537,UDY-01,35672100026462
2026-02-18T04:54:19+05:30,phone:ph10,phone:ph07,40,DWK-21,35671000026319
2026-06-01T05:34:58+05:30,phone:ph16,phone:ph07,396,KRB-08,35671600026397
2026-02-28T20:29:39+05:30,phone:ph11,phone:ph07,135,KRB-08,35671100026332
2026-04-12T21:25:21+05:30,phone:ph04,phone:ph31,134,GZP-09,35670400026241
2026-05-22T20:35:04+05:30,phone:ph06,phone:ph08,581,SBR-02,35670600026267
2026-02-28T04:46:12+05:30,phone:ph04,phone:ph21,259,NOI-63,35670400026241
2026-03-23T03:46:49+05:30,phone:ph17,phone:ph10,584,DWK-21,35671700026410
2026-03-11T03:59:19+05:30,phone:ph21,phone:ph20,424,SBR-02,35672100026462
2026-05-28T04:07:27+05:30,phone:ph04,phone:ph20,100,SBR-02,35670400026241
2026-05-25T00:29:12+05:30,phone:ph07,phone:ph11,315,AZD-12,35670700026280
2026-03-31T06:11:08+05:30,phone:ph33,phone:ph21,348,GZP-09,35673300026618
2026-04-30T20:01:12+05:30,phone:ph07,phone:ph11,126,DWK-21,35670700026280
2026-02-14T05:05:49+05:30,phone:ph21,phone:ph04,299,KRB-08,35672100026462
2026-04-13T01:58:42+05:30,phone:ph20,phone:ph04,536,AZD-12,35672000026449
2026-02-25T05:56:05+05:30,phone:ph09,phone:ph08,593,AZD-12,35670900026306
2026-05-22T22:20:48+05:30,phone:ph21,phone:ph20,182,OKH-04,35672100026462
2026-04-17T23:43:08+05:30,phone:ph09,phone:ph06,332,UDY-01,35670900026306
2026-01-24T02:23:23+05:30,phone:ph30,phone:ph13,156,DWK-21,35673000026579
2026-05-18T04:15:20+05:30,phone:ph04,phone:ph21,197,UDY-01,35670400026241
2026-01-30T17:32:42+05:30,phone:ph11,phone:ph06,294,AZD-12,35671100026332
2026-03-05T04:41:42+05:30,phone:ph13,phone:ph27,157,DWK-21,35671300026358
2026-06-07T16:08:46+05:30,phone:ph10,phone:ph07,121,AZD-12,35671000026319
2026-04-23T16:29:00+05:30,phone:ph35,phone:ph20,423,UDY-01,35673500026644
2026-04-26T05:21:24+05:30,phone:ph10,phone:ph06,447,AZD-12,35671000026319
2026-02-10T14:46:25+05:30,phone:ph07,phone:ph10,125,SBR-02,35670700026280
2026-05-16T19:32:40+05:30,phone:ph04,phone:ph02,186,KRB-08,35670400026241
2026-03-30T16:45:13+05:30,phone:ph07,phone:ph09,98,NOI-63,35670700026280
2026-02-23T06:04:47+05:30,phone:ph20,phone:ph21,457,KRB-08,35672000026449
2026-04-29T18:19:20+05:30,phone:ph10,phone:ph09,258,NOI-63,35671000026319
2026-02-03T19:19:18+05:30,phone:ph09,phone:ph07,16,OKH-04,35670900026306
2026-03-11T05:15:05+05:30,phone:ph11,phone:ph08,377,UDY-01,35671100026332
2026-05-02T00:10:53+05:30,phone:ph27,phone:ph07,547,UDY-01,35672700026540
2026-05-08T23:35:21+05:30,phone:ph07,phone:ph10,170,SBR-02,35670700026280
2026-03-13T03:43:24+05:30,phone:ph02,phone:ph20,138,UDY-01,35670200026215
2026-05-19T19:02:23+05:30,phone:ph31,phone:ph28,102,SBR-02,35673100026592
2026-01-24T19:35:36+05:30,phone:ph04,phone:ph21,214,AZD-12,35670400026241
2026-06-05T21:41:01+05:30,phone:ph06,phone:ph10,113,KRB-08,35670600026267
2026-03-26T06:40:26+05:30,phone:ph34,phone:ph32,266,KRB-08,35673400026631
2026-02-16T04:52:28+05:30,phone:ph04,phone:ph20,399,SBR-02,35670400026241
2026-03-02T23:50:59+05:30,phone:ph22,phone:ph35,170,UDY-01,35672200026475
2026-01-14T23:39:42+05:30,phone:ph04,phone:ph20,526,SBR-02,35670400026241
2026-03-01T00:13:40+05:30,phone:ph09,phone:ph10,68,OKH-04,35670900026306
2026-03-07T03:21:55+05:30,phone:ph20,phone:ph04,385,OKH-04,35672000026449
2026-06-10T19:52:29+05:30,phone:ph10,phone:ph08,127,KRB-08,35671000026319
2026-02-01T02:42:12+05:30,phone:ph13,phone:ph10,549,AZD-12,35671300026358
2026-01-09T17:50:23+05:30,phone:ph06,phone:ph09,433,AZD-12,35670600026267
2026-02-01T22:40:39+05:30,phone:ph11,phone:ph10,37,SBR-02,35671100026332
2026-03-15T18:32:49+05:30,phone:ph04,phone:ph20,354,DWK-21,35670400026241
2026-04-21T05:35:08+05:30,phone:ph21,phone:ph20,58,AZD-12,35672100026462
2026-05-24T01:25:49+05:30,phone:ph21,phone:ph04,235,GZP-09,35672100026462
2026-05-19T16:35:49+05:30,phone:ph21,phone:ph34,115,NOI-63,35672100026462
2026-05-30T03:13:03+05:30,phone:ph27,phone:ph28,453,NOI-63,35672700026540
2026-02-28T05:43:22+05:30,phone:ph11,phone:ph06,185,DWK-21,35671100026332
2026-04-24T15:32:15+05:30,phone:ph16,phone:ph36,122,GZP-09,35671600026397
2026-03-25T15:09:33+05:30,phone:ph00,phone:ph27,223,KRB-08,35670000026189
2026-06-12T21:37:40+05:30,phone:ph08,phone:ph24,146,AZD-12,35670800026293
2026-02-21T14:08:21+05:30,phone:ph10,phone:ph39,24,KRB-08,35671000026319
2026-02-15T22:55:40+05:30,phone:ph12,phone:ph18,310,KRB-08,35671200026345
2026-02-25T03:22:48+05:30,phone:ph04,phone:ph20,398,KRB-08,35670400026241
2026-06-08T14:18:59+05:30,phone:ph01,phone:ph33,83,GZP-09,35670100026202
2026-05-22T01:29:26+05:30,phone:ph06,phone:ph07,578,NOI-63,35670600026267
2026-05-13T15:14:50+05:30,phone:ph06,phone:ph08,92,GZP-09,35670600026267
2026-05-27T20:20:13+05:30,phone:ph09,phone:ph07,191,GZP-09,35670900026306
2026-04-03T18:18:02+05:30,phone:ph06,phone:ph26,361,UDY-01,35670600026267
2026-05-22T19:21:44+05:30,phone:ph34,phone:ph10,576,AZD-12,35673400026631
2026-03-28T01:53:52+05:30,phone:ph10,phone:ph08,500,OKH-04,35671000026319
2026-05-24T19:32:38+05:30,phone:ph06,phone:ph08,480,AZD-12,35670600026267
2026-05-26T19:19:12+05:30,phone:ph21,phone:ph02,165,GZP-09,35672100026462
2026-01-26T01:29:38+05:30,phone:ph20,phone:ph04,549,DWK-21,35672000026449
2026-01-24T15:43:58+05:30,phone:ph20,phone:ph04,370,KRB-08,35672000026449
2026-05-23T19:29:23+05:30,phone:ph09,phone:ph10,551,GZP-09,35670900026306
2026-01-30T14:54:32+05:30,phone:ph04,phone:ph21,541,DWK-21,35670400026241
2026-05-08T20:59:26+05:30,phone:ph06,phone:ph08,252,AZD-12,35670600026267
2026-01-12T15:18:20+05:30,phone:ph20,phone:ph04,44,GZP-09,35672000026449
2026-01-07T19:23:17+05:30,phone:ph20,phone:ph04,224,KRB-08,35672000026449
2026-03-11T06:09:51+05:30,phone:ph32,phone:ph17,185,GZP-09,35673200026605
2026-03-16T01:10:02+05:30,phone:ph02,phone:ph04,172,OKH-04,35670200026215
2026-05-19T23:26:30+05:30,phone:ph06,phone:ph07,225,SBR-02,35670600026267
2026-04-19T23:24:15+05:30,phone:ph02,phone:ph04,264,OKH-04,35670200026215
2026-01-30T06:47:10+05:30,phone:ph08,phone:ph11,348,KRB-08,35670800026293
2026-03-18T19:50:06+05:30,phone:ph09,phone:ph11,395,AZD-12,35670900026306
2026-05-04T15:06:29+05:30,phone:ph27,phone:ph29,408,AZD-12,35672700026540
2026-01-27T22:14:38+05:30,phone:ph11,phone:ph09,309,GZP-09,35671100026332
2026-03-27T19:42:13+05:30,phone:ph11,phone:ph08,412,KRB-08,35671100026332
2026-01-15T18:10:39+05:30,phone:ph07,phone:ph08,543,OKH-04,35670700026280
2026-04-13T17:45:01+05:30,phone:ph27,phone:ph18,129,DWK-21,35672700026540
2026-03-01T04:14:28+05:30,phone:ph07,phone:ph08,66,UDY-01,35670700026280
2026-02-26T15:14:38+05:30,phone:ph09,phone:ph11,152,OKH-04,35670900026306
2026-04-14T02:04:44+05:30,phone:ph07,phone:ph15,59,AZD-12,35670700026280
2026-02-27T22:35:29+05:30,phone:ph39,phone:ph01,92,GZP-09,35673900026696
2026-02-16T00:02:58+05:30,phone:ph06,phone:ph08,99,NOI-63,35670600026267
2026-02-07T01:05:34+05:30,phone:ph10,phone:ph00,449,AZD-12,35671000026319
2026-05-20T15:20:16+05:30,phone:ph18,phone:ph35,448,NOI-63,35671800026423
2026-04-23T21:55:11+05:30,phone:ph09,phone:ph08,194,DWK-21,35670900026306
2026-02-02T06:14:18+05:30,phone:ph30,phone:ph38,355,NOI-63,35673000026579
2026-03-13T23:30:00+05:30,phone:ph20,phone:ph04,177,NOI-63,35672000026449
2026-05-04T05:21:40+05:30,phone:ph02,phone:ph21,532,NOI-63,35670200026215
2026-05-27T17:51:26+05:30,phone:ph19,phone:ph16,50,SBR-02,35671900026436
2026-02-26T03:03:56+05:30,phone:ph21,phone:ph02,160,AZD-12,35672100026462
2026-05-22T00:58:13+05:30,phone:ph04,phone:ph02,12,UDY-01,35670400026241
2026-03-18T05:41:37+05:30,phone:ph21,phone:ph23,326,SBR-02,35672100026462
2026-02-15T01:54:45+05:30,phone:ph36,phone:ph01,505,KRB-08,35673600026657
2026-06-05T06:38:42+05:30,phone:ph20,phone:ph02,585,OKH-04,35672000026449
2026-05-29T01:53:19+05:30,phone:ph20,phone:ph04,494,SBR-02,35672000026449
2026-04-14T02:56:49+05:30,phone:ph20,phone:ph14,69,DWK-21,35672000026449
2026-04-02T00:28:35+05:30,phone:ph21,phone:ph02,63,GZP-09,35672100026462
2026-02-23T14:28:54+05:30,phone:ph20,phone:ph36,457,SBR-02,35672000026449
2026-05-10T23:16:23+05:30,phone:ph28,phone:ph14,528,SBR-02,35672800026553
2026-03-31T23:03:59+05:30,phone:ph38,phone:ph10,282,OKH-04,35673800026683
2026-04-17T23:23:21+05:30,phone:ph09,phone:ph10,548,GZP-09,35670900026306
2026-01-30T17:24:47+05:30,phone:ph04,phone:ph21,157,SBR-02,35670400026241
2026-05-11T16:19:51+05:30,phone:ph05,phone:ph35,333,NOI-63,35670500026254
2026-05-11T18:45:12+05:30,phone:ph11,phone:ph08,153,AZD-12,35671100026332
2026-01-19T19:27:56+05:30,phone:ph21,phone:ph04,126,UDY-01,35672100026462
2026-03-01T20:22:51+05:30,phone:ph06,phone:ph00,359,DWK-21,35670600026267
2026-02-04T15:14:10+05:30,phone:ph09,phone:ph11,161,GZP-09,35670900026306
2026-03-16T23:07:23+05:30,phone:ph20,phone:ph21,135,GZP-09,35672000026449
2026-05-30T03:38:03+05:30,phone:ph21,phone:ph02,311,UDY-01,35672100026462
2026-06-14T16:46:46+05:30,phone:ph20,phone:ph04,241,NOI-63,35672000026449
2026-03-22T03:58:20+05:30,phone:ph02,phone:ph04,193,SBR-02,35670200026215
2026-04-23T17:43:41+05:30,phone:ph39,phone:ph31,67,DWK-21,35673900026696
2026-06-11T03:22:47+05:30,phone:ph36,phone:ph39,591,NOI-63,35673600026657
2026-04-26T05:28:07+05:30,phone:ph25,phone:ph36,76,OKH-04,35672500026514
2026-01-14T01:34:56+05:30,phone:ph07,phone:ph10,562,GZP-09,35670700026280
2026-04-01T02:51:54+05:30,phone:ph21,phone:ph02,241,DWK-21,35672100026462
2026-05-15T06:18:36+05:30,phone:ph02,phone:ph21,513,AZD-12,35670200026215
2026-01-20T21:56:28+05:30,phone:ph21,phone:ph02,205,SBR-02,35672100026462
2026-03-26T17:54:06+05:30,phone:ph07,phone:ph09,396,KRB-08,35670700026280
2026-05-09T19:49:19+05:30,phone:ph21,phone:ph04,180,NOI-63,35672100026462
2026-06-06T00:53:18+05:30,phone:ph07,phone:ph10,590,UDY-01,35670700026280
2026-06-06T23:42:25+05:30,phone:ph09,phone:ph06,216,NOI-63,35670900026306
2026-04-10T03:29:52+05:30,phone:ph04,phone:ph31,19,UDY-01,35670400026241
2026-04-10T19:12:19+05:30,phone:ph08,phone:ph09,423,KRB-08,35670800026293
2026-05-05T06:23:49+05:30,phone:ph21,phone:ph04,596,OKH-04,35672100026462
2026-03-22T23:23:52+05:30,phone:ph08,phone:ph06,392,NOI-63,35670800026293
2026-02-13T02:36:00+05:30,phone:ph10,phone:ph06,67,DWK-21,35671000026319
2026-03-22T06:44:50+05:30,phone:ph21,phone:ph02,157,SBR-02,35672100026462
2026-05-29T02:16:13+05:30,phone:ph20,phone:ph04,307,OKH-04,35672000026449
2026-05-08T17:01:30+05:30,phone:ph07,phone:ph10,94,KRB-08,35670700026280
2026-05-25T22:21:13+05:30,phone:ph02,phone:ph04,468,GZP-09,35670200026215
2026-06-03T02:14:50+05:30,phone:ph10,phone:ph01,393,DWK-21,35671000026319
2026-05-19T01:33:12+05:30,phone:ph06,phone:ph09,294,AZD-12,35670600026267
2026-05-24T04:25:51+05:30,phone:ph06,phone:ph11,34,SBR-02,35670600026267
2026-04-02T19:57:01+05:30,phone:ph11,phone:ph09,161,NOI-63,35671100026332
2026-04-17T17:01:01+05:30,phone:ph20,phone:ph21,406,SBR-02,35672000026449
2026-03-30T02:20:58+05:30,phone:ph08,phone:ph09,150,OKH-04,35670800026293
2026-04-24T05:19:40+05:30,phone:ph20,phone:ph02,86,AZD-12,35672000026449
2026-03-25T02:42:42+05:30,phone:ph01,phone:ph25,224,UDY-01,35670100026202
2026-04-17T00:17:02+05:30,phone:ph23,phone:ph26,45,GZP-09,35672300026488
2026-04-08T20:02:19+05:30,phone:ph22,phone:ph21,387,GZP-09,35672200026475
2026-04-16T00:35:37+05:30,phone:ph09,phone:ph10,514,AZD-12,35670900026306
2026-06-05T20:39:18+05:30,phone:ph10,phone:ph08,100,KRB-08,35671000026319
2026-04-28T00:52:44+05:30,phone:ph09,phone:ph10,130,SBR-02,35670900026306
2026-05-14T05:24:35+05:30,phone:ph23,phone:ph39,424,OKH-04,35672300026488
2026-04-16T17:17:12+05:30,phone:ph27,phone:ph23,567,AZD-12,35672700026540
2026-01-16T03:19:38+05:30,phone:ph04,phone:ph21,414,GZP-09,35670400026241
2026-04-08T19:30:14+05:30,phone:ph13,phone:ph06,113,AZD-12,35671300026358
2026-03-24T01:40:32+05:30,phone:ph04,phone:ph20,585,OKH-04,35670400026241
2026-05-29T23:16:38+05:30,phone:ph06,phone:ph09,516,OKH-04,35670600026267
2026-04-04T06:34:13+05:30,phone:ph09,phone:ph07,322,DWK-21,35670900026306
2026-06-12T01:26:52+05:30,phone:ph01,phone:ph22,228,DWK-21,35670100026202
2026-03-19T20:40:09+05:30,phone:ph13,phone:ph00,234,SBR-02,35671300026358
2026-02-11T16:28:25+05:30,phone:ph02,phone:ph04,350,SBR-02,35670200026215
2026-03-19T05:58:02+05:30,phone:ph08,phone:ph10,587,AZD-12,35670800026293
2026-04-19T18:43:50+05:30,phone:ph20,phone:ph02,432,OKH-04,35672000026449
2026-04-11T22:58:59+05:30,phone:ph11,phone:ph24,231,AZD-12,35671100026332
2026-05-29T21:30:39+05:30,phone:ph18,phone:ph05,45,SBR-02,35671800026423
2026-03-31T17:34:27+05:30,phone:ph08,phone:ph09,369,SBR-02,35670800026293
2026-01-30T05:07:57+05:30,phone:ph17,phone:ph19,105,KRB-08,35671700026410
